practice,CBS,NRW,PCP,RIB,STB,WCR
opArea_ha,6788.937809,2196.311186,27153.11578,147.0925967,584.0731863,68539.25822
n,1884,428,1108,391,1578,2830
MLRA,115c,115c,115c,115c,108c,115c
HUC12,70802060805,70802060805,70802060805,70802060804,70802060804,70802060805
radial,32,32,32,32,32,32
IWAP,,,,,,
sum_BioMg,51440.28809,11456.06741,205741.1545,2290.57081,9112.992894,276564.7123
BioDCcp_Mg_med,56.41912686,2786.558833,56.41912708,23.67582293,77.02906874,140.8485206
Q1DCcp_MgBio,56.41912546,2617.551241,56.41912561,23.22405656,75.71758474,140.848517
Q3DCcp_MgBio,56.4191283,3019.907559,56.41912851,24.10604668,78.30263483,140.8485239
sumEnergyPot,660967.145,147201.434,2643611.627,29432.02898,117094.7737,3302598.894
engPotDCcp_med,4.390862945,216.8661317,4.390862945,1.842589615,5.994848036,11.79487178
Q1TDcp_enPot,4.390862829,203.7129824,4.390862829,1.807430433,5.892780617,11.79487151
Q3DCcp_enPot,4.390863051,235.0266909,4.390863055,1.876072034,6.093964033,11.79487208
sumDC,2902216.141,2944028.672,11607737.94,54157.53673,215047.975,38953730.54
sumOC,3686815.274,1413163.915,17038462.96,491727.7428,2346425.176,44701652.9
sumTC,6589031.405,4357192.594,28176522.04,545885.2795,2561473.151,38953730.54
sumDCcp,2902216.141,31645993.48,11607737.94,54157.53673,701431.6494,38953730.54
sumTCcp,6589031.414,33059157.4,28646200.9,545885.2795,3047856.826,38953730.54
sumCO2,16440.29951,3661.355453,65754.80673,356.2039328,1414.409499,54196.49462
CO2DCcp_Mg_med,176.5306122,8718.903443,176.5306128,152.0408163,495.9183674,718.7499994
Q1_CO2DCcp_Mg,176.5306078,8190.093925,176.5306078,152.0408127,495.9183569,718.7499807
Q3_CO2DCcp_Mg,176.5306167,9449.032344,176.5306172,152.0408203,495.9183777,718.7500194
sumN2Ored,4697.228435,1046.101559,18787.08768,101.7725521,404.1169997,8468.202282
N2OTCcp_Mg_med,617.8571422,30516.16351,617.8571433,532.1428574,1735.714285,4600.000005
Q1_N2OTCcp_Mg,617.8571274,28665.32841,617.857127,532.1428429,1735.714243,4599.999891
Q3_N2OTCcp_Mg,617.8571581,33071.61251,617.8571594,532.1428714,1735.714328,4600.000121
sumNO3red,551174.1541,774074.706,712112.4085,332677.0734,771906.9899,614057.396
NO3DCcp_kg_med,5.398536448,42.23596497,16.89378381,0.237344062,1.280398134,65.93112137
Q1_NO3DCcp_kg,4.789291102,32.28926976,15.19062812,0.113304603,0.579557618,61.4817699
Q3_NO3DCcp_kg,6.148177482,52.76406464,16.89406426,0.425753273,2.320094294,65.93202198
sumSEDred,79778573.54,84126038.88,48496074.49,31655018.08,105252425.3,140278028.7
SEDDCcp_kg_med,0.037994942,0.436190622,0.356121189,0.002613064,0.010679076,0.341339524
Q1_SEDDCcp_kg,0.025056903,0.253661195,0.190338331,0.00137076,0.005345876,0.179545541
Q3_SEDDCcp_kg,0.095544299,0.762626853,0.561136996,0.00551427,0.022066963,0.611899065
