HUC12, opArea_ha , n , MLRA , sumbioYield , sumEnergyPot , sumDC , sumOC , sumTC ,, sumCO2red , sumN2ored , sumcpNO3LoadReduced , sumcpSEDLoadReduced 
70600060901,288,47,105,"1,249","15,202","159,015","115,738","227,750",791,337,"4,860",9,"2,560"
70600061002,397,28,105,"1,568","18,792","176,563","170,066","227,975",574,376,"5,075",7,"2,307"
70801010301,"3,211",300, 108c ,"12,942","155,372","1,970,057","2,120,382","2,703,812",842,"3,003","35,742",79,"12,966"
70801010302,442,42, 108c ,"1,663","19,824","254,890","325,169","414,598",938,410,"8,572",12,"1,222"
70801010403,729,65, 108c ,"2,819","33,767","416,312","550,879","737,590","1,012",721,"15,503",22,"3,461"
70801010405,"1,166",103, 108c ,"4,686","56,202","619,800","823,855","871,383",747,"1,075","11,912",24,"3,074"
70801010601,682,70, 115c ,"2,479","29,421","344,299","399,728","534,422",784,610,"12,630",14,"2,787"
70801010602,"2,780",237, 108c ,"10,759","128,479","1,469,968","1,639,110","2,036,852",733,"2,503","36,486",55,"10,367"
70801010603,465,49, 115c ,"1,807","21,575","208,590","245,834","273,879",589,412,"4,991",7,"1,277"
70801010604,"1,071",82, 108c ,"4,025","47,892","589,798","664,172","823,206",769,941,"15,536",22,"2,588"
70801010605,890,99, 115c ,"3,440","41,115","416,432","482,625","590,719",664,825,"12,299",18,"2,472"
70801030202,"3,301",181, 108c ,"13,368","160,447","2,402,690","2,323,761","2,970,921",900,"2,986","26,072",87,"10,002"
70801030301,"4,661",298, 108c ,"16,453","194,784","3,429,096","3,479,368","5,307,731","1,139","4,192","107,309",145,"11,317"
70801030302,"2,067",148, 108c ,"8,071","96,558","1,301,815","1,452,660","1,807,859",875,"1,893","27,078",51,"6,730"
70801030303,"5,743",437, 108c ,"23,009","276,188","3,934,689","4,065,073","5,323,595",927,"5,368","65,319",159,"25,313"
70801030401,"3,227",154,104,"12,706","152,008","1,904,257","2,015,456","2,386,623",740,"2,902","33,887",68,"7,710"
70801030402,"1,448",143,105,"5,581","66,985","730,140","847,081","1,207,326",834,"1,513","31,922",41,"5,100"
70801030403,"1,840",124,105,"7,404","88,994","1,079,868","1,074,850","1,425,009",774,"1,788","23,091",47,"6,960"
70801030404,851,46,104,"2,462","28,387","432,330","443,474","764,603",898,737,"33,327",21,705
70801030405,"2,889",207,105,"11,140","133,594","1,764,973","1,542,116","2,427,890",840,"2,919","55,988",86,"10,098"
70801030406,"6,118",489, 108c ,"26,532","321,563","3,501,369","3,700,344","4,678,924",765,"6,332","50,621",157,"30,500"
70801030407,"4,585",461, 108c ,"19,513","235,852","2,665,059","2,839,278","3,546,076",773,"4,575","39,227",115,"27,440"
70801030408,"2,142",168, 108c ,"8,949","107,989","1,024,226","1,260,847","1,487,281",694,"2,156","24,322",49,"11,327"
70801030409,"1,763",112, 108c ,"6,166","73,048","1,396,652","923,138","1,910,498","1,084","1,646","43,748",52,"5,797"
70801030601,"1,885",189,105,"8,146","98,695","1,224,510","1,122,120","1,539,519",817,"1,932","15,538",53,"8,584"
70801030602,"1,697",109,104,"6,153","72,858","887,175","1,003,866","1,195,221",704,"1,443","27,677",32,"1,977"
70801030603,"2,702",212, 108c ,"10,047","119,934","2,470,899","1,688,570","3,265,413","1,209","2,574","54,163",102,"9,564"
70801030604,256,15,104,"1,031","12,381","274,464","152,283","299,708","1,171",227,"1,374",6,560
70801030605,"1,258",108, 108c ,"5,059","60,849","835,307","759,816","1,117,029",888,"1,227","15,772",39,"5,103"
70801030606,"1,316",90, 108c ,"5,565","67,239","1,125,454","875,685","1,291,644",981,"1,249","4,770",47,"5,357"
70801030607,822,63, 108c ,"3,263","39,168","430,836","425,046","599,355",729,803,"11,645",22,"3,513"
70802060301,"1,672",86, 108c ,"6,648","79,641","1,053,685","1,170,062","1,370,779",820,"1,505","15,764",35,"6,462"
70802060302,"2,951",213, 108c ,"12,102","145,437","1,630,355","1,906,255","2,092,041",709,"2,728","23,297",61,"13,983"
70802060406,"1,288",103, 108c ,"5,281","63,397","620,873","843,585","872,949",678,"1,177","11,883",26,"6,178"
70802060407,608,54, 108c ,"2,560","30,912","296,345","338,207","383,879",631,608,"5,053",13,"3,199"
70802060501,"3,816",284, 108c ,"14,359","171,173","2,971,583","2,833,824","4,240,081","1,111","3,463","65,717",117,"12,865"
70802060502,"5,668",391, 108c ,"21,980","262,464","3,866,790","4,184,390","5,209,230",919,"5,005","68,338",130,"15,942"
70802060503,"1,493",87, 108c ,"5,141","60,632","1,145,274","1,010,792","1,640,427","1,099","1,287","33,093",46,"2,855"
70802060601,"4,676",283, 108c ,"18,182","217,261","3,209,543","3,562,632","4,407,595",943,"4,164","57,406",116,"17,330"
70802060602,"6,446",491, 108c ,"27,526","332,335","3,808,699","4,695,094","5,008,369",777,"6,178","38,864",144,"31,054"
70802060603,"4,166",310, 108c ,"16,794","201,794","2,740,508","2,780,545","3,592,113",862,"3,947","42,928",107,"16,696"
70802060704,"2,636",207, 108c ,"11,261","136,208","1,951,840","1,836,365","2,469,303",937,"2,607","18,287",84,"13,766"
70802060801,"2,318",155, 108c ,"9,291","111,609","1,129,127","1,418,402","1,652,534",713,"2,268","32,189",52,"11,552"
70802060802,"1,616",84, 108c ,"5,309","62,319","1,320,762","1,114,695","2,037,193","1,261","1,434","46,861",48,"3,113"
70802060803,"1,992",144, 108c ,"7,576","90,428","1,095,657","1,216,622","1,557,677",782,"1,845","31,268",46,"7,262"
70802060804,"1,698",129, 108c ,"5,907","69,772","1,152,381","1,057,598","1,731,814","1,020","1,513","41,124",45,"3,213"
70802060805,298,13, 108c ,849,"9,784","147,939","185,525","307,828","1,033",264,"12,223",8,517
