"HUC12","area_ha","supArea_ha","sumOPha","sumBioMg","sumEnergyPot","sumDC","sumOC","sumTC","sumDCcp","sumTCcp","sumpatch","sumlin","sumprairie","sumrye","sumCO2","sumN2Ored","sumNO3red","sumSEDred","mean_dist","mean_Ctruck","sum_Ctruck","mean_Chand","sum_Chand","mean_Ctotal","sum_Ctotal","mean_Ctotal_Mg","mean_Cdeliv","sum_Cdeliv","mean_Cdeliv_Mg","sum_UNSTha","sum_UNPha","per_treated","per_patch","per_lin","per_prairie","per_rye","bio_Mg_ha","dccp_ha","ghg_ha","no3_ha","sed_ha","stabLow_ha","unprofit_ha","oc_ha","no3_per_treated_ha","sed_per_treated_ha","ghg_per_treated_ha","bio_per_treated_ha","oc_per_treated_ha","dccp_per_treated_ha","tccp_per_treated_ha","prairie_share_treated","rye_share_treated","cluster","Planning_Class"
"070802060407",6379.48224458,3623.60204001341,624.609858236586,3126.31405712035,38513.42974606,333179.5337583,345680.400507,417691.725421,368924.3579793,455168.3827593,100.121114723413,69.2937845209712,169.414899244384,452.462682816903,772.545743034,174.407781345,12694.4141366252,3322574.06757568,81.0557071692308,21.4797623998462,67704.3563930315,383.125779605154,14941.905404601,2119.13491788801,82646.2617976325,26.2591623998462,10662.1998860496,415825.795555933,127.95561024636,180.990481817392,124.549164867904,0.0979091773109414,0.0156942383229415,0.0108619762332348,0.0265562145561763,0.0709246715438882,0.490057646884505,57.829827536982,0.148437363421386,1.98988156874491,520.821900617176,0.028370716443511,0.0195233970552581,54.1862783301403,20.3237492479935,5319.4390446479,1.51607201181945,5.00522688826372,553.434109226091,590.647670885081,728.724301669434,0.271233149797988,0.724392477720904,"2","Planning class 2"
"070600060901",10479.20637676,498.783326483472,291.478933080598,1764.29141733993,22206.38221252,145282.6104112,116478.7207799,213078.5941004,193201.8530747,262677.912904,97.1289219882316,64.259854839287,161.388776827519,126.510447194369,496.439972084,128.888846436,11943.9054111244,3134220.49282501,103.158866427429,27.3370996032686,48318.2989566461,240.921554286699,8432.25440003447,1621.44438161944,56750.5533566806,32.1164996032686,5772.37610765373,202033.163767881,112.47115770559,404.282847498513,101.297251970622,0.0278149816504252,0.00926872880408548,0.00613212990840583,0.0154008587124913,0.0120725217775016,0.168361167239978,18.4366874864845,0.0596732992974361,1.13977194280787,299.089490190388,0.0385795291134929,0.0096665003368262,11.1152234808752,40.9769079531443,10752.8199712408,2.14536540226421,6.052895139602,399.612828099971,662.832991162613,901.19004529005,0.55368933569855,0.434029471211859,"2","Planning class 2"
"070600061002",5868.48118552,353.096236579266,387.393073684916,2045.92600427645,25368.8321534,200974.7348677,156700.7337129,250516.339494,200974.7348677,252273.2632516,101.571764283405,34.7220096707149,136.29377395412,251.099299730796,528.606560487,125.324874769,7367.82652605107,2309808.42790661,100.424863784762,26.6125889029619,54591.3831148509,465.633273563755,9778.29874483886,3065.22294569951,64369.6818596898,31.3919889029619,12635.44841559,265344.41672739,126.513812353156,220.80617017916,59.8637385823683,0.0660124930860777,0.0173080156640913,0.00591669438361473,0.023224710047706,0.0427877830383717,0.34862955841532,34.2464648883239,0.111431120690908,1.25549120686125,393.595609304478,0.0376257779822113,0.0102008912851382,26.7020935671646,19.0189939535255,5962.44121232089,1.68803078752996,5.28126635000318,404.500607670522,518.787630754497,651.207469591429,0.351822949898618,0.648177050101382,"2","Planning class 2"
"070801010301",9168.66314064,9169.71840794732,3055.44295541419,15348.7863446309,189106.10574283,1662006.4308381,2012582.1185035,2278319.4113664,2416128.1810632,3042084.1870067,557.484895694324,226.624860671317,784.109756365641,2215.21543037189,3736.624441941,840.830641677,111212.359840281,15998573.4468516,53.9944737889888,14.308535554082,216811.643053605,412.123536267017,73357.9894555291,1630.16647477042,290169.632509134,19.087935554082,10967.2812547597,1952176.06334723,127.98023556205,5827.27147459046,1141.73943771486,0.333248469111159,0.0608032912915382,0.0247173287092209,0.0855206200007592,0.241607243759777,1.67404845277798,263.520225795377,0.499250001161945,12.1296156412742,1744.91888309628,0.635563918665649,0.124526271736837,219.506605012322,36.3981136166248,5236.08971933264,1.49813141675803,5.02342428531783,658.687512047064,790.761999592192,995.627878313415,0.256627195404258,0.725006312569693,"1","Planning class 1"
"070801010302",7373.7026688,5745.19728230946,440.175059289942,2505.89054155598,31331.41149232,226560.7512924,318106.802971,376223.9873724,309387.2653209,462033.0870989,172.429936157853,24.7995055599917,197.229441717845,236.79343216468,674.627288426,168.509602348,16034.4888209046,1529470.7719373,59.2016081369231,15.6884261562846,38081.7463457254,460.640509781256,11976.6532543126,1925.32306153992,50058.399600038,20.4678261562846,10639.1981112476,276619.150892438,117.74468392487,532.284575660076,196.948683241359,0.0596952547534137,0.023384443867997,0.0033632364463141,0.0267476803143111,0.032113233039164,0.339841549640866,41.9581964743433,0.114343760339229,2.17455049940521,207.422354905748,0.0721868780948147,0.0267096046704865,43.1407146801552,36.4275269179726,3474.68749002846,1.91545811826341,5.69294077133379,722.682478839547,702.873229164734,1049.65757906461,0.448070460957059,0.537952860270315,"2","Planning class 2"
"070801010403",5063.26531074,1587.70160005012,693.834431381755,4076.22140883549,51147.2664961,349432.4364236,505706.3443013,620700.1143184,481516.6045309,757621.4512692,279.647811105137,69.0958533806292,348.743664485766,335.534021613601,1122.232338364,286.288471834,28075.8142168906,3382702.69234969,69.3030544214815,18.3653094216926,74223.9997933585,721.551577829197,19481.8926013883,3470.58860721285,93705.8923947468,23.1447094216926,16412.5306969758,443138.328818347,114.75290060609,1460.45293594286,157.691695087695,0.137032999220882,0.0552307244323064,0.0136465006552325,0.0688772250875388,0.0662683073118604,0.805057834948756,95.1000145122804,0.278184279067957,5.54500159360351,668.087189737901,0.288440926223046,0.031144268650747,99.8775124875672,40.4647174412753,4875.37449764941,2.03005320360502,5.87491946849306,728.857377824559,693.993527493253,1091.93406525014,0.502632398613097,0.483593789004378,"3","Planning class 3"
"070801010405",4836.05030918,3298.73339696107,1170.16698898972,5944.47773918413,73307.89373431,625679.8203352,833973.4506538,883268.800546,762561.6718718,1024262.9528536,237.741450255203,83.1540681897032,320.895518444906,839.257229154615,1455.767295148,330.016957396,38824.2907531275,4270624.16023087,63.7339991797222,16.8895097826264,100126.472688898,394.597734814675,28411.0369066566,1785.24318882715,128537.509595555,21.6689097826264,10475.2406934827,754217.329930755,117.524061132782,1497.61840816625,327.302403878142,0.241967497064383,0.0491602516632037,0.017194624305677,0.0663548759688807,0.173541873119372,1.22920097168966,157.682741725055,0.369265027941117,8.02809902110189,883.081003546259,0.309678004243134,0.0676796937486036,172.449291743453,33.1784190790127,3649.585230496,1.526093514299,5.08002515462888,712.696101070003,651.669102826227,875.3134915709,0.274230534158167,0.717211506606589,"3","Planning class 3"
"070801010602",10283.76731992,10283.4036650335,2680.22313590533,13655.0613304213,168564.09337467,1429765.73039597,1563796.34079596,1910373.33350723,1750897.4740714,2242467.95379736,633.789218330975,140.696552833867,774.485771164842,1881.85082430371,3400.505462976,778.923888477,63373.0383767742,11061721.930256,51.2634245948101,13.5848075176247,185969.514559473,413.056962801364,65263.0001226155,1590.07920684866,251232.514682088,18.3642075176247,10639.2293992282,1680998.24507806,129.086402495005,2658.48100664554,1214.04995022204,0.260626582897655,0.0616300620788361,0.013681421259049,0.075311483337885,0.182992357349286,1.32782674924694,170.258371237149,0.406410337907715,6.16243409689156,1075.64879543989,0.258512364578298,0.11805498048078,152.064539399568,23.6446874619519,4127.16455658815,1.55935873228752,5.09474795120328,583.457518833685,653.265562339078,836.672112764185,0.288963169069592,0.702124684730049,"3","Planning class 3"
"070801010604",4423.19369884,3992.81658125049,1070.34659837297,5589.73352736903,69227.64115603,567675.8278976,663442.16473322,794958.20784422,729494.63418,962172.76596422,311.94084503987,37.4200643769162,349.360909416786,708.771890991095,1425.942957554,334.853784681,24463.2271896926,2778735.39154413,72.5269895771429,19.2196522379429,104873.991016834,424.056705090596,26715.5724207075,2088.72322916733,131589.563437542,23.9990522379429,11099.4506561134,699265.391335142,136.908452318744,131.36529650695,253.740841764297,0.241985016087737,0.0705238943349186,0.0084599651122513,0.0789838594471699,0.160239849133664,1.26373247656664,164.924867380624,0.398082666534992,5.53067056414648,628.219241737675,0.0296991959771966,0.0573659801131571,149.99165985139,22.8554257348778,2596.10802310958,1.64507155430921,5.2223583798612,619.838625863541,681.549915970116,898.935697489777,0.326399794186151,0.662189137676052,"3","Planning class 3"
"070801030406",15386.49760938,15385.2483679792,6117.03991674612,31729.9527728564,392374.90727722,3274039.0273944,3728745.6711148,4478009.8259516,4360795.7475818,5582088.0721316,1001.39695203537,849.79457682727,1851.19152886264,4185.41431158629,7925.35832234,1835.918273811,240221.992645021,40788377.3897893,59.1483321434727,15.6743080180203,506867.62941497,487.621016985819,151650.13628259,2117.4204684809,658517.765697559,20.4537080180203,12644.8771482057,3932556.79309196,115.263819976059,7168.52035686973,1855.35610770675,0.397558955393267,0.0650828393477207,0.055229890414386,0.120312729762107,0.272018650237515,2.06219463183831,283.417049044569,0.634405362673327,15.6125194143322,2650.92020453853,0.465896823231534,0.12058339427263,242.338819774142,39.2709539114474,6667.9926802711,1.59575165913637,5.18714169021391,609.567000030018,712.893132451794,912.547269284606,0.302628649486949,0.684222167674307,"4","Planning class 4"
"070801030407",9822.59524804,9821.86349076794,4427.84726399772,22174.2022682247,273013.05135497,2403913.47087101,2780070.2903567,3200282.59049771,3258034.582381,4064508.132217,584.159654713796,529.009637972311,1113.16929268611,3251.13302222397,5369.088467672,1201.19983157,172352.250621644,31970607.8175005,35.2217130786762,9.33375396584918,216691.344160909,377.150826764246,105979.382320753,1148.29440029061,322670.726481662,14.1131539658492,9703.14660979599,2726584.19735267,116.740279221828,4854.96688018587,1043.1292589173,0.45078180991742,0.0594710094392171,0.0538564019603545,0.113327411399572,0.330985135814559,2.25746879600372,331.687756657907,0.668895351312886,17.5465084602804,3254.80252521653,0.494265187314384,0.106196909531159,283.028081698819,38.9246151336381,7220.35018629699,1.48385612861225,5.00789682799595,627.860475893356,735.805547962704,917.942261754378,0.25140191752709,0.734246876277447,"4","Planning class 4"
"070801030408",4132.8962436,4132.88176393492,2086.71344767703,11018.9151364595,136535.72873113,1090116.8026691,1225230.6707943,1519885.205413,1183452.0722932,1620801.3556215,438.267829783488,263.832402992202,702.100232775689,1378.388928049,2799.353533383,658.706672038,65026.6628089693,13827609.6617473,22.4831536920645,5.9580357283971,58655.3294610688,566.277451647254,52663.8030031946,1196.97991897057,111319.132464263,10.7374357283971,12918.665969176,1201435.93513336,104.993427807901,3106.4909773711,456.91006899605,0.504903419946341,0.106043753327262,0.0638371707009968,0.169880924028259,0.333516460807238,2.66614850385438,286.349330478798,0.836715949686853,15.7339209542621,3345.74323833076,0.751649882859184,0.110554449486507,296.458124902514,31.1622388217023,6626.50143801033,1.65718019849375,5.28051187321671,587.15808447885,567.136840762993,776.724450319622,0.336462216964808,0.660554964834033,"4","Planning class 4"
"070801030409",8906.936517,8907.28454291314,1678.55211512986,9939.79739323066,124953.98723356,895941.8446469,865627.36276754,1328853.97350784,1807039.8043285,2253464.89164044,781.215466461403,72.3866001666433,853.602066628047,754.788529276783,2791.133485906,720.197398038,52947.7740924776,5733451.18155759,50.9228773672165,13.4945625023124,148170.815835107,489.75533671347,47506.2676612066,2017.28952058056,195677.083496314,18.2739625023124,11253.8033829197,1091618.92814321,122.051440485555,4529.33640731613,539.279260584567,0.188454482854586,0.0877086599831891,0.00812699181458007,0.0958356517977692,0.0847416536354756,1.11596140538998,202.880058803556,0.394224307902295,5.94455500961752,643.706303577507,0.50851787241004,0.0605459867773039,97.1857564175272,31.5437177167307,3415.71234510883,2.09188076574694,5.92164955954417,515.6988305368,1076.54673813253,1342.5051693829,0.508534741896893,0.449666425292009,"3","Planning class 3"
"070801030601",7680.05806452,4667.89816499582,1894.02682265877,9771.99584427138,120796.94647953,1027003.10324741,1128103.7225949,1342678.29878301,1566397.68361541,1887391.07930031,307.457496737546,244.971769477993,552.429266215539,1301.08356195425,2431.691407086,561.574270943,76359.5464398543,10246502.1653775,99.9915799783459,26.4977686942617,257552.966300906,351.159976978276,46704.2769381106,2287.64844540614,304257.243239017,31.2771686942617,10009.4762893716,1331260.34648643,128.194927807455,4065.18458805326,1052.1611043485,0.246616211329015,0.0400332255504584,0.0318971246597344,0.0719303502101927,0.169410641302953,1.27238567237084,203.956489710903,0.389745188497618,9.94257410534652,1334.16988247965,0.529316908010555,0.136999108015763,146.887395006356,40.3159794393321,5409.90340938987,1.58037132432325,5.15937563680001,595.611270705928,827.019799760046,996.496489237073,0.291669188422611,0.68694040991871,"3","Planning class 3"
"070801030602",8022.33743646,7551.31906282608,1643.39209953657,8582.46040414799,106256.15321176,871350.04807384,991960.8593433,1158844.74329394,1060913.1859317,1357053.353022,499.814626490685,31.0664716270029,530.881098117688,1098.01022444532,2179.595879597,510.336018869,41652.1415449191,2425876.19526327,93.1499882125253,24.6847468763192,212239.471696929,414.33344702611,41019.0112555849,2558.16649446984,253258.482952514,29.4641468763192,11359.6821315793,1124608.53102635,136.987855852707,4927.97304993079,1121.81430477239,0.204852028794957,0.0623028675182774,0.00387249624851377,0.0661753637667912,0.136869114910957,1.0698204198121,132.24489674419,0.335305254830191,5.19202063922393,302.390196682344,0.614281447142087,0.139836339926809,123.649854820993,25.3452244030289,1476.13962361591,1.63681686143225,5.22240578287326,603.605712612974,645.563031628834,825.76358582026,0.323039826142158,0.668136487180968,"3","Planning class 3"
"070801030603",15076.16010342,15078.3135711724,2792.70606871957,15871.2933346393,198563.34493737,1534448.1416009,1799232.6804384,2336498.5921563,3397457.0221773,4217351.7658587,1031.6196641413,153.256444603138,1184.87610874444,1466.19820869385,4272.729323081,1070.681968096,146673.486823517,12308954.8721904,66.323972594386,17.5758527375123,279770.76695336,443.598007974124,75855.2593635751,2079.68436442652,355626.026316935,22.3552527375123,11053.065309461,1890074.16791784,127.980993690415,10843.5738575796,1552.84290645533,0.185239878693385,0.0684272160195007,0.0101654826926634,0.0785926987121641,0.0972527618860487,1.05274109758485,225.352941257674,0.354427868536953,9.72883584529225,816.451588982408,0.719253031487755,0.102999894920396,119.342900851142,52.5202019884484,4407.53683678354,1.913345393211,5.68312344518095,644.26138525324,1216.546581909,1510.13091320144,0.424275265491041,0.52500985517824,"3","Planning class 3"
"070801030604",6778.06153284,1791.83438054116,256.12268338597,1167.55802078147,14241.26748031,155889.2248827,152283.4053802,180666.0453436,384504.5627637,409749.4383449,27.0593516801049,3.7349070482309,30.7942587283358,207.751087223646,269.506381753,55.733900194,5694.18502864698,560257.955715836,99.316840432,26.31896271448,30908.7552994575,372.015120301529,5580.22680452294,2432.59880693203,36488.9821039805,31.09836271448,12825.213799112,192378.20698668,167.030892692456,928.618046323315,228.630858613858,0.037787010658585,0.00399219622734334,0.000551028790478681,0.00454322501782202,0.0306505165550775,0.172255447243227,56.7278064533287,0.0479842622217572,0.840090489155109,82.6575493599994,0.137003484229838,0.033731009597085,22.4671028202356,22.2322558602356,2187.45933905254,1.26986129321811,4.55858889711064,594.572114296933,1501.25150057194,1599.81706004313,0.120232453921036,0.811138960740042,"2","Planning class 2"
"070801030605",5988.32894442,5989.65710768456,1416.54603298297,7857.03814018644,98040.42432774,739964.0208916,863794.9756077,1117504.4301577,1142690.9400798,1528392.1062395,471.792458865349,118.238278165777,590.030737031127,796.218892572216,2102.541312763,519.215460781,49410.7078417599,5609149.77686822,73.5386050438461,19.4877303366192,150580.157480716,481.434975477013,37551.928087207,2411.94981497337,188132.085567923,24.2671303366192,11898.6680315323,928096.106459523,122.689316411427,3039.9369300447,433.839262841192,0.236551139079113,0.0787853278008335,0.0197447867782803,0.0985301145791139,0.13296178282159,1.3120585413912,190.819667838149,0.437811081835607,8.25116794691137,936.680304126395,0.50764361114086,0.0724474668756213,144.246413920297,34.8811169501569,3959.73702672862,1.85080944247402,5.54661688165617,609.789555365677,806.674060336404,1078.95689278872,0.416527753629464,0.56208472865194,"3","Planning class 3"
"070801030606",8716.48319168,2640.52476256703,1324.47376342747,6099.33817756217,74460.81840486,762775.2793598,883823.5123242,935513.2074997,1537910.5569866,1712239.3683888,91.9725030658102,106.098251611114,198.070754676924,1067.75176321463,1412.703391655,294.32151123,49585.542774373,5482496.35992083,74.3545559436667,19.7039573250717,119938.727841921,485.852948097344,29151.1768858406,2484.83174546269,149089.904727762,24.4833573250717,15197.753068126,911865.184087562,151.416095847377,2233.71163910373,282.789208607212,0.151950475243467,0.0105515608810672,0.0121721397584276,0.0227237006394947,0.122498000596596,0.699747598134999,176.437047277801,0.195838719050635,5.688709733497,628.980316872973,0.256262943435242,0.0324430395135894,101.396801082324,37.4379199826925,4139.37709549886,1.28883255374389,4.60510305751798,667.301638378284,1161.14837413374,1292.76956302847,0.149546755961671,0.806170565773617,"2","Planning class 2"
"070801030607",11773.54193858,2984.50257291633,822.058841096907,4439.29053888865,55203.11899765,428041.9250187,425134.2169792,592616.031892,525730.7644554,694338.5341566,233.195066448036,79.6251927515721,312.820259199608,501.886246175816,1165.754246547,281.693473112,23519.4252561022,3581275.33678788,82.9514754372,21.982140990858,98042.5211288259,424.342904031289,21217.1452015644,2385.19332660781,119259.66633039,26.761540990858,10946.0318269818,547301.59134909,125.95961904051,2100.36697875364,149.903401177053,0.0698225602274497,0.0198067045299166,0.0067630618863006,0.0265697664162172,0.0426283142994731,0.377056501947117,44.6535772495671,0.122940719726487,1.99765078162527,304.179944783873,0.178397205336405,0.0127322263732585,36.109288028788,28.6103914711498,4356.47079959536,1.76075926356757,5.40021020023959,517.157891534779,639.529359910412,844.633619206766,0.380532686422056,0.610523506451349,"2","Planning class 2"
"070801030402",6434.73402416,4936.62191479418,1468.14401170433,8967.15896556675,112968.29752608,723919.6552218,879745.54958661,1209418.5676577,875228.6105271,1371827.53871411,641.627777257728,200.112408214405,841.740185472132,615.015658704003,2543.238493849,663.679106488,53721.8386169047,6108727.84863765,90.3049254850407,23.9308052535358,212216.923076682,348.436093983981,42857.6395600297,2073.77693200579,255074.562636712,28.7102052535358,7959.30258421554,978994.217858512,105.908894430042,3666.25105491347,713.659479757605,0.228159238003001,0.0997131777084581,0.0310987847303491,0.130811962438807,0.0955774794101591,1.39355549613993,136.016284005049,0.498376092670844,8.34872714477389,949.336495603653,0.56975953336192,0.110907378157059,136.718246050808,36.5916682482261,4160.85057047379,2.18433448951249,6.1078197329954,599.222925389544,596.146293244809,934.395759392562,0.573336252276081,0.41890690136729,"3","Planning class 3"
"070801030202",8873.23022006,7143.64514468228,3305.50190922723,16024.9103859086,196615.79396091,1867874.5287855,2329545.179733,2432926.9273142,3170248.3924694,3744263.0382464,518.128047195376,151.501418287993,669.629465483369,2536.82692565289,3802.988766204,826.867820519,113015.234467547,10955608.0298055,85.5526113055,22.6714419959575,356809.049260338,638.245472486763,76589.4566984115,3611.65421632292,433398.50595875,27.4508419959575,19177.2752895354,2301273.03474425,142.307687445501,2769.15938763544,1246.378589864,0.372525205280302,0.0583922691450096,0.0170739870972229,0.0754662562422325,0.285896664770154,1.80598383998654,357.282332797172,0.521778030311457,12.7366507646843,1234.68091755783,0.312080191650512,0.140465034598817,262.536316759428,34.190037571017,3314.35537799063,1.40065161475141,4.84795072759615,704.747794345583,959.082305661277,1132.73661340034,0.202580268858449,0.767455894843505,"1","Planning class 1"
"070801030301",11907.20567752,11908.4910492869,4670.78634655662,27487.8676272356,345066.95599343,2450405.74123752,3494793.7416005,4307002.93153462,4445888.624823,6339949.0598759,2165.83498198625,133.861407796466,2299.69638978272,2219.79458598641,7582.830756463,1939.277969069,196582.728631947,14431392.0891952,36.8804581278358,9.77332140387647,271656.550128824,634.664321437729,131375.51453761,1947.01480515186,403032.064666434,14.5527214038765,13784.7237000191,2853437.80590395,124.14832232585,6299.64592601757,1952.4313302326,0.392265530054188,0.181892800094585,0.0112420505214911,0.193134850616076,0.186424476582044,2.30850699750075,373.37799860269,0.799692974440603,16.5095601735579,1211.98814230955,0.529061653643127,0.163970572366837,293.502425023063,42.0877158675584,3089.71359818979,2.03865217096728,5.88506208328285,748.223849754317,951.850137204537,1357.36224898187,0.492357436018903,0.475250722530454,"5","Planning class 5"
"070801030302",4854.45542846,4855.04640761324,1886.51801060782,9963.24059874346,123484.12386439,1014764.4234963,1357277.2308804,1502308.0597654,1564190.8899809,2060133.6882293,485.574265304535,121.877661901942,607.451927206477,1238.33429370346,2515.469978918,591.934781014,77490.5263521661,9454505.6133554,46.8127931058252,12.4053901730437,120461.10573847,462.313709879947,47618.3121176345,1631.83900831169,168079.417856104,17.1847901730437,11483.9207898292,1182843.8413524,121.615078508225,3038.9144651939,521.50664941814,0.388615785727028,0.100026516353983,0.0251063510002409,0.125132867354224,0.255092319200941,2.05239099329915,322.217581978524,0.640113974826992,15.9627639998229,1947.59345361931,0.626005225504347,0.107428455591687,279.594127679729,41.0759536439301,5011.61693670194,1.6471641099948,5.28128570346031,719.461581203296,829.141773990766,1092.02969526145,0.32199635719924,0.656412653757001,"1","Planning class 1"
"070801030303",14506.4552932,14506.5110670245,5733.94619999667,29522.2574500319,365001.38379479,3123339.0634374,4054629.55676319,4479522.44294189,5084441.4982076,6462904.34244699,1288.0267240613,384.625046699346,1672.65177076065,3914.13461303481,7377.086996982,1707.040816903,224875.40620266,30010111.5768021,19.4587380781661,5.15656559071401,151017.23703883,488.230717151151,141098.677256683,1010.7817103651,292115.914295512,9.93596559071401,11818.1833139547,3415454.97773291,111.952628812766,10434.0050668784,1633.81679464529,0.395268594849942,0.0887899006358275,0.0265140614247535,0.115303962060581,0.269820196176359,2.03511173841832,350.495099970492,0.62621278805052,15.5017474398499,2068.74187871861,0.719266344257744,0.112626879663094,279.505190952046,39.2182623204226,5233.76232180544,1.58427154651194,5.14868058058324,707.127241055304,886.726404620007,1127.13027242054,0.291710405437989,0.682624928192922,"1","Planning class 1"
"070801030401",11053.7350441,7715.2368721739,3233.22352179873,16200.0752849193,199562.55437327,1761254.2313282,2026816.1029162,2243267.3652287,2413950.8450767,2907676.7532499,677.142354697202,159.750486439491,836.892841136693,2346.79603995628,3970.074665424,894.060502189,83600.154381233,9198812.14641152,81.4615552266071,21.5873121350509,347498.915810071,691.309284078065,77426.6398167432,3793.97817523941,424925.555626814,26.3667121350509,19519.4623835269,2186179.78695501,131.718229011616,3374.93658854567,792.382177240164,0.292500544738901,0.0612591447140423,0.0144521725735374,0.0757113172875796,0.21230796926048,1.46557477814399,218.383273657818,0.440044487063154,7.56306841512861,832.190396251758,0.305320923206592,0.0716845640029252,183.360293586739,25.8565960001194,2845.09007323254,1.50442279502747,5.01050273069483,626.871631129489,746.608092141354,899.312012808901,0.258841628329831,0.725837859379017,"3","Planning class 3"
"070801030403",6099.43548572,5757.14970355376,1850.84832447077,9856.546316845,122317.29682705,983901.1699995,1097030.1327967,1343236.2333307,1360211.2857157,1727531.7090234,461.651571298604,178.074099987461,639.725671286065,1182.60770554169,2532.747771142,602.576141452,69430.7827015906,8095072.93290027,81.2983418056863,21.5440605785069,210629.268344514,461.846837909108,47108.377466729,2526.8396648161,257737.645811243,26.3234605785069,12172.929566772,1241638.81581074,117.157426353635,4146.12303026073,827.765803754748,0.303445839996829,0.0756875898399816,0.029195177226543,0.104882767066525,0.193888058708123,1.61597681292329,223.006094400085,0.514035097171602,11.3831489592999,1327.1839585569,0.679755206849492,0.1357118713187,179.857650001392,37.5129511065925,4373.70951788552,1.693992895658,5.32542088215866,592.717468142823,734.912346804343,933.372922126058,0.345639166012692,0.638954413447056,"1","Planning class 1"
"070801030404",4498.82141852,4499.17597606518,928.316453631602,6507.71561549904,83014.27008952,427579.8718981,498750.8800986,802266.2311132,538174.2274072,925723.1304508,743.613008142369,11.560665409178,755.173673551547,165.108447355581,1973.579198689,546.977269805,43024.2503599743,1543738.20942434,72.5457478945455,19.2246231920545,121698.885983776,565.508654776657,31102.9760127161,2778.21567266349,152801.861996492,24.0040231920545,10552.3951617199,580381.733894592,95.8214273326796,3774.06973403695,487.077868662782,0.2063465888666,0.165290625913975,0.00256970978256372,0.167860335696539,0.0367003781647989,1.44653788405763,119.62560353957,0.560270398402078,9.56344925870123,343.14280692924,0.838901877389595,0.108267882485324,110.862564592012,46.3465343005202,1662.94392756391,2.71519098754903,7.01023405331303,537.263858835499,579.731432424629,997.206423336938,0.813487330314232,0.177857934877349,"5","Planning class 5"
"070801030405",10365.37629868,10365.9873623994,2915.94780486013,17143.6176511028,215157.9685823,1491492.8846428,1604784.29119669,2197626.64848607,2234623.5879706,2960208.62195519,1124.52256515467,336.546063799804,1461.06862895447,1398.96371231802,4735.020826886,1209.64819469,122927.46151016,12650174.3196181,90.2669472525,23.9207410219125,397199.171111193,445.305468487396,81936.2062016809,2603.99661583084,479135.377312874,28.7001410219125,10709.9362062808,1970628.26195567,111.142666185328,8563.9920452305,1433.75156501517,0.281316154940894,0.108488349361506,0.0324682919463968,0.140956641307902,0.134965067548602,1.65393104476931,215.585379978455,0.573512128289355,11.8594306630059,1220.42595995565,0.826211398260679,0.138321226716849,154.821614281486,42.156948524686,4338.27186430893,2.03867470181317,5.87926080930833,550.347399401981,766.345537545651,1015.17887838091,0.501061310672037,0.479762947054919,"1","Planning class 1"
"070802060802",5282.96934014,5282.25933474044,1574.07151450435,9827.42344498011,124150.5319058,827235.9223959,1098690.710695,1516482.2927974,1718635.8168771,2423715.8495701,915.380617203116,10.2157467593825,925.596363962499,579.928411536836,2827.503245252,748.489553088,55949.0442451045,3589996.75324729,63.1618829545455,16.7378989829545,162131.366949236,711.654357771787,46969.1876129379,3168.190220639,209100.554562174,21.5172989829545,15702.0678326981,1036336.47695807,126.672940549132,327.702340618411,1308.12431448386,0.297952044230989,0.173270098360794,0.00193371305068218,0.175203811411476,0.109773192725262,1.86020830564193,325.316258002655,0.676890696898354,10.5904540880076,679.541470356547,0.0620299531417926,0.247611566575776,207.968405636419,35.5441564945173,2280.70752832201,2.27181088367896,6.24331445834887,697.992880609976,1091.84100025993,1539.77492587641,0.588026881519391,0.368425707595278,"5","Planning class 5"
"070802060803",8905.75078702,8903.8586978613,1904.43482680452,9966.59870341968,123466.80631585,1011337.0155463,1164025.09932924,1387979.17737984,1323623.1857551,1708785.23845734,492.554375925669,133.376990950458,625.931366876127,1254.84267758028,2546.423294962,599.088587008,50030.3825223416,8298983.92364333,71.3996527272566,18.920907972723,187055.559549931,421.54302516039,47634.361843124,2076.90195923058,234689.921393055,23.700307972723,11026.7870525607,1246026.93693935,127.630220104608,2279.60684607997,490.508940068998,0.21384326513832,0.0553074510734749,0.01497650160443,0.0702839526779048,0.140902514295504,1.11911942538813,148.625670918645,0.353200079049431,5.61776134531635,931.867971843427,0.255970204039671,0.0550777752263074,130.704881280283,26.2704618809604,4357.71484896037,1.65167735734381,5.23336297107252,611.218133036548,695.021518786247,897.266325109448,0.32867040555354,0.658905550307435,"3","Planning class 3"
"070802060804",8393.19168686,7328.38765852922,1749.06942494836,10383.7207164463,130504.43072604,902201.4744157,1075286.48822243,1479584.30142683,1484723.9213205,2077192.01794193,872.114011688123,35.7568286460845,907.870840334208,796.73040596011,2905.204844125,748.495527043,50869.0865771012,3353467.2279847,77.8602526188119,20.6329669439851,214466.808021373,491.365889031517,49627.9547921832,2614.79963181739,264094.762813556,25.4123669439851,11547.4874973194,1166296.23722926,121.131950351333,859.576160646247,500.77947700166,0.208391454669935,0.103907314907804,0.00426021827930652,0.10816753318711,0.0949257964890085,1.23715996296171,176.896224548871,0.435317160322702,6.06075596447291,399.546126562882,0.102413502838492,0.0596649636616376,128.114134448502,29.0835148402431,1917.2865182774,2.08893959213533,5.93671158407724,614.776333566163,848.865059409711,1187.59838135256,0.519059350866539,0.455516741986175,"3","Planning class 3"
"070802060805",9338.48557368,1056.9748653283,297.50721861791,2095.73278315138,26771.537036,135484.1702296,185525.2653244,291098.8988856,169904.3574826,329793.73267,247.127164365339,4.89799567532783,252.025160040667,42.8581186599703,648.414038401,180.873682095,8095.32918396697,517362.9115655,80.4014226145455,21.3063769928545,45133.0360046204,910.576842163064,10016.3452637937,5013.58011531038,55149.3812684141,26.0857769928545,17330.3228634558,190633.551498014,127.012670407817,792.107000541708,93.741814354838,0.0318581868837938,0.026463302043519,0.000524495715786354,0.0269877977593054,0.00458940781369985,0.22441891317561,18.1939947480848,0.0888032340953978,0.866878159214938,55.4011576591882,0.0848217833921827,0.0100382244653292,19.86674004694,27.2105302909098,1738.99280148208,2.78745411404978,7.04430901840718,623.599206050429,571.093226819511,1108.52346441232,0.847122840284235,0.144057407612059,"2","Planning class 2"
"070802060601",9476.51587456,9475.4111222486,4681.43800043258,24039.7700655679,297044.48963148,2561346.98814192,3567624.4048862,3744500.17379992,4154646.99136037,5357691.17939357,1149.94454879048,177.222833387713,1327.16738217819,3234.65237913943,5968.091877523,1374.030827328,165691.198345226,20608942.5923372,34.1057027629157,9.03801123217265,211075.972610423,692.14263283961,114895.677051375,1963.68463651686,325971.649661798,13.8174112321727,17393.4857699019,2887318.63780372,129.215231153861,3917.30389962468,2790.90899651233,0.494004132151569,0.121346765415921,0.0187012648671305,0.140048030283051,0.341333505051467,2.53677304863736,438.415029991523,0.774770263885819,17.4844004419419,2174.73836008258,0.41336963410158,0.294507921841255,376.470049975181,35.393227108832,4402.26754908062,1.56834773934261,5.13512516097545,762.078746862939,887.472394374649,1144.45415679936,0.283495665659902,0.690952732651921,"1","Planning class 1"
"070802060602",11432.02742318,11429.971444285,6438.12168951181,31215.1723335139,382745.87504612,3536717.23745221,4627698.34388057,4655761.19974768,4774712.229974,5906986.48901357,764.873045422024,572.821556116371,1337.6946015384,5008.44000975079,7350.583888256,1587.442122348,208080.827095556,36102637.2509118,59.9553976233333,15.8881803701833,496683.503011435,621.624144378318,149189.794650796,2691.1387402593,645873.297662231,20.6675803701833,17427.4605629768,4182590.53511444,126.908899172837,4199.37067150564,1508.29222092763,0.563165346897055,0.0669061590834833,0.0501067339074867,0.11701289299097,0.438106017800088,2.73050187670307,417.661019627421,0.781840847624362,18.2015682252164,3158.02577395054,0.367333852173136,0.131935672046182,404.801193399631,32.3201140224695,5607.63511347196,1.38829715274949,4.84849057518838,718.796345744667,741.631249025996,917.501528223131,0.207777153966754,0.777934970988498,"4","Planning class 4"
"070802060603",9299.92304474,9298.50743692456,4157.26056873807,21111.2596357823,260634.1958075,2270826.7158326,2794738.6638468,3122193.4517719,3542108.9199882,4407908.39241,834.389095976735,324.340012631162,1158.7291086079,2901.90533398798,5258.791391756,1205.437573364,136695.129786995,20170583.5384711,52.8850950961991,14.0145502004928,296813.062099482,456.557259290759,100899.154303258,1799.60278915267,397712.21640274,18.7939502004928,12074.836797445,2668538.93223534,128.707286523881,3010.83644682812,1180.79384905969,0.447020964446518,0.0897200000432974,0.0348755587622424,0.12459555880554,0.312035413629502,2.27004670191574,380.875078529989,0.695084135000036,14.6985226790999,2168.89789748094,0.323748533438784,0.126968131174757,300.512020411555,32.8810589393699,4851.89302064697,1.55492513837837,5.07816608719105,672.254870157234,852.029566446782,1060.29158373107,0.2787241957652,0.698033064323619,"1","Planning class 1"
"070802060704",10841.72814242,5268.49554705386,2569.19892846493,12546.1254201323,154134.48257714,1443582.5566148,1780212.937034,1899865.8905741,2540085.4863294,3001396.9428704,290.687212990201,264.459077758161,555.146290748363,1931.17450788553,3007.698341334,661.643910783,102452.439643112,15017462.6239756,86.2603133966387,22.8589830501092,285637.138873034,503.89035153765,59962.9518329803,2904.20244290768,345600.090706014,27.6383830501092,15035.1482968136,1789182.64732081,136.813502141256,1993.94228724293,968.595033594315,0.236973192346756,0.026811889135353,0.0243927051374239,0.0512045942727768,0.178124232826822,1.15720715879635,234.287878552397,0.338446251733624,9.44982555338671,1385.15395578103,0.183913695404454,0.0893395426329251,164.200108474278,39.8771922672124,5845.19262311398,1.42820480402013,4.88328298798897,692.905838201348,988.668280290414,1168.22286885496,0.216077581458457,0.751664064035472,"3","Planning class 3"
"070802060801",4906.01647172,4905.04495822724,2295.32589493177,12410.5412639266,154223.78179085,1191306.1423473,1413938.97034151,1699635.25563531,1335327.8392839,1854272.53691741,613.711222345544,240.106689016984,853.817911362528,1431.14933728899,3216.406325039,772.463414337,76158.4175981112,14578106.103039,67.3336682990385,17.8434220992452,223229.560395872,570.335970353951,59314.9409168109,2716.77405108349,282544.501312683,22.6228220992452,14171.6408044229,1473850.64365998,115.384281151513,1248.71090855607,639.320118718267,0.467859394309586,0.125093591895419,0.0489412724969521,0.174034864392371,0.291713112978449,2.52965747984446,272.181686910592,0.813056736023869,15.5234736852424,2971.47516464169,0.254526440291033,0.130313488020991,288.205100511168,33.1797840848108,6351.21406299142,1.73782282863783,5.40687546432073,616.00793746264,581.759584655229,807.847173689698,0.371981126186836,0.62350594329505,"4","Planning class 4"
"070801010601",17048.86271332,7161.14844549244,683.467378377923,3774.81841097891,47064.215909617,351270.7300219,401339.29917258,538609.96493817,415942.7615179,607677.50063548,254.114135172555,31.5187596623326,285.632894834887,392.939422062976,1009.696046462,248.258533558,14458.7642647598,2887526.86848056,64.9576738133333,17.2137835605333,64587.2871704664,286.370906562422,18041.3671134326,1311.56594101427,82628.654283899,21.9931835605333,6887.29181437776,433899.384305799,126.699994565634,1515.19982815766,260.134060279604,0.0400887372882615,0.014905049060781,0.00184873092078497,0.016753779981566,0.0230478377748903,0.221411743085344,24.3970972440837,0.0737852489736562,0.848077933870827,169.367711913393,0.0888739532739542,0.0152581473998477,23.5405320531451,21.1550173748963,4224.82032036927,1.84054809317383,5.5230410849128,587.210614389645,608.577343523051,889.109736411538,0.41791737816775,0.574920522169677,"2","Planning class 2"
"070801010603",12503.93946568,5168.52938407056,465.161672057391,2310.75231916697,28436.14672811,247121.6362205,245833.5370176,310684.284739,247121.6362205,312410.7116831,99.8087205424976,22.656498402884,122.465218945382,342.696453112009,567.548118356,127.074036831,7144.95232904883,1276969.96473374,64.1071896948718,16.988405269141,38850.8882814277,283.179734210939,11044.0096342266,1279.35635681165,49894.8979156543,21.767805269141,7615.8085675937,297016.534136154,135.820186528379,1165.7733090424,190.711067046141,0.0372012095335343,0.0079821820008363,0.00181194882341442,0.00979413082425073,0.0274070787092836,0.184801943860123,19.7635022865221,0.0555522647157365,0.571416100394586,102.125411614371,0.0932324818303972,0.0152520785604883,19.6604868163628,15.3601484349452,2745.21750488547,1.49329189594387,4.96763267047908,528.490526595384,531.259669627317,671.617483661799,0.263274526475328,0.736725473524672,"2","Planning class 2"
"070801010605",15670.75310264,6372.3801873887,847.973838197166,4368.2606643437,54011.10382061,445217.7327133,459234.540106,592569.2276766,477302.6584903,628198.9399243,204.932176681672,62.5038999547136,267.436076636386,578.151120457034,1107.661319268,257.288097436,16714.9162545193,2425811.8459949,64.3469929779747,17.0519531391633,73172.2680938271,264.274240748915,20877.6650191643,1190.50548244293,94049.9331129913,21.8313531391633,6826.17298514293,539267.665826291,128.70217298906,1300.1263582289,225.637966794539,0.0541118753287173,0.0130773661826851,0.00398857027134093,0.0170659364540261,0.0368936398059667,0.27875244002203,30.4581825368616,0.0871017115619065,1.06663133194941,154.798676879558,0.0829651484975457,0.0143986677166477,29.3051991246441,19.7115942751914,2860.71543333494,1.60965982111659,5.15140971050573,541.566873197828,562.874273934051,740.823491984,0.315382461804445,0.68180301610037,"2","Planning class 2"
"070802060301",8942.08754296,2951.19520612735,1671.36263491252,8214.6914599929,101000.40662378,916769.02809932,1164921.9787818,1223284.26073192,1350616.9811472,1662570.793914,314.416568144296,81.4331583458498,395.849726490146,1242.76819538172,1992.948999491,442.1891631,44078.1262104134,7467312.66554423,80.8898029378571,21.4357977785321,179480.366056063,701.094577926608,39261.2963638901,3906.10111464201,218741.662419953,26.2151977785321,20276.9766164156,1135510.69051927,140.402907403231,1025.50250350307,511.836297430909,0.186909670351904,0.0351614280931339,0.00910672792618332,0.0442681560193172,0.138979649820151,0.918654779493881,151.040456119279,0.272323229994338,4.92928815543923,835.074878172397,0.114682673209841,0.0572390166135056,130.274052136621,26.3725688786386,4467.79921338559,1.45697774481984,4.91496655985902,696.989363318375,808.093320345103,994.739716674962,0.236842512942061,0.743565860228031,"3","Planning class 3"
"070802060302",7247.95054116,7216.38775264992,2905.82829351571,14276.4964530645,175410.56910555,1577396.7525226,1881086.4105163,2038752.7408377,1997800.6907302,2467340.6961955,473.136542543113,208.614127836387,681.7506703795,2192.67945562272,3435.231039348,757.025294594,76352.9721841637,14464551.258992,68.9709545499281,18.2773029557309,261078.73592867,490.885519048751,68233.0871477763,2369.14980630537,329311.823076447,23.0567029557309,13717.3278820075,1906708.57559905,127.121482499924,1800.04649888466,744.941277903739,0.400917235432824,0.0652786659975455,0.0287824988114501,0.0940611648089956,0.302524064309053,1.96972873531496,275.636634022955,0.578405758998329,10.5344223516106,1995.67466373425,0.24835248097548,0.102779575229347,259.533560533271,26.2758031348734,4977.77218677006,1.44270614450858,4.91305576620689,647.349471651131,687.515052141329,849.100651164185,0.234614919230022,0.754579842351883,"1","Planning class 1"
"070802060406",6110.62505362,3057.74304340735,1287.02167580302,6441.96525139712,79249.06763931,686331.9817728,841422.6061371,932149.4019227,729216.3338324,979129.9675555,236.811240558266,85.2631363372101,322.074376895476,962.430700394948,1544.044987147,342.629622519,43816.6771381438,7089478.52265844,74.578071985,19.763189076025,128443.085028563,549.798727187989,30788.7287225274,2843.42524555518,159231.81375109,24.542589076025,15099.353491498,845563.79552389,124.192520400887,1108.63044248066,435.079985628442,0.210620298988985,0.0387540126386868,0.0139532593783838,0.0527072720170706,0.15750118718621,1.05422361785736,119.335800746014,0.308753129689787,7.17057203701057,1160.18876308874,0.181426684300306,0.0712005697961611,137.698287614396,34.0450187917813,5508.43754689293,1.46592294841408,5.00532770543878,653.775007800162,566.592115379419,760.77193256639,0.250247826396957,0.747796807535856,"3","Planning class 3"
"070802060501",11284.41820468,11284.6195683399,3785.70783250113,20909.95227614,260651.95580951,2057197.1440877,2814907.4968002,3308466.6759986,3886700.290302,5160818.33918,1320.92468965459,135.54894422837,1456.47363388296,2190.84743615184,5497.658101,1346.477722374,150113.604950154,15001309.2648235,34.4188612255281,9.12099822476494,190589.275045539,561.443965778559,99937.0259085835,1632.17023007934,290526.300954123,13.9003982247649,13189.4575564147,2347723.44504182,117.226047743559,2584.3562546267,3681.29247508104,0.335480993688366,0.11705740302205,0.0120120454390953,0.129069448461146,0.194148018658439,1.85299338405129,344.430720290929,0.606512068166308,13.3027332226926,1329.38260464345,0.22901989342746,0.326227937347651,249.450830848574,39.6527179571006,3962.61674924672,1.80788801624246,5.52339303541162,743.561738344835,1026.67729847872,1363.2373567958,0.384729540240484,0.578715403587919,"1","Planning class 1"
"070802060502",11727.52509352,11726.6632499332,5666.1941858578,28728.1817402735,354430.49392092,3125009.778195,4180457.9160185,4415886.8236861,5003405.8995164,6317377.9015847,1335.17216757225,174.137915612633,1509.31008318488,4014.50885728711,7078.782341075,1611.535376836,179519.076310353,19096719.9215562,35.995887056845,9.53891007006392,270755.117036581,532.183999261486,137303.471809463,1581.62243738777,408058.588846044,14.3183100700639,13694.0634381436,3533068.36704104,124.147012260425,2940.41475842897,2818.48838429675,0.483153448035565,0.113849440263402,0.0148486500113184,0.12869809027472,0.34231509421415,2.4496372006185,426.637833610862,0.741018897730844,15.3074988012216,1628.36743211132,0.250727645857154,0.240331046987407,356.465484633957,31.6824786482633,3370.29040925204,1.53371335906579,5.07010187048936,737.789383648811,883.027608196761,1114.92435563754,0.26637104795172,0.708501813670079,"1","Planning class 1"
"070802060503",4564.31580076,4563.75503951038,1492.38775282936,8495.35443172957,106349.84403067,795899.0440197,1010182.69102297,1278904.21622167,1503306.2967004,1997850.36639937,667.089926140109,4.36629471045613,671.456220850565,766.853383048437,2323.468590577,585.343754614,46757.4596946345,3051351.95621236,51.4562135452632,13.6358965894947,118590.648299196,534.246012776425,40602.6969710083,2094.64927987111,159193.345270204,18.4152965894947,12567.0051222356,955092.389289905,133.272669465757,484.102246530983,842.007526471968,0.326968557386161,0.146153324016062,0.000956615383565069,0.147109939399627,0.168010588338508,1.86125474278423,329.360710853987,0.637294278521801,10.2441333456482,668.523408416281,0.10606239087365,0.184476176326749,221.321822397733,31.33063750087,2044.61069211231,1.94909958197948,5.69245788544135,676.89023118007,1007.31615751358,1338.69389011785,0.449920752550788,0.513843256616513,"5","Planning class 5"
