"area_ha","HUC12","sumOPha","sumBioMg","sumEnergyPot","sumDC","sumOC","sumTC","sumDCcp","sumTCcp","sumpatch","sumlin","sumprairie","sumrye","sumCO2","sumN2Ored","sumNO3red","sumSEDred","mean_dist","mean_Ctruck","sum_Ctruck","mean_Chand","sum_Chand","mean_Ctotal","sum_Ctotal","mean_Ctotal_Mg","mean_Cdeliv","sum_Cdeliv","mean_Cdeliv_Mg","sum_UNSTha","sum_UNPha","per_treated","per_patch","per_lin","per_prairie","per_rye","bio_Mg_ha","dccp_ha","co2_ha","n20_ha","no3_ha","sed_ha","no3_eff","sed_eff","co2_eff","n2o_eff","patch_eff","lin_eff","rye_eff","bio_eff","dccp_eff","Cluster","Cluster_Label","prairie_eff"
6379.48224458,"070802060407",624.609858236586,3126.31405712035,38513.42974606,333179.5337583,345680.400507,417691.725421,368924.3579793,455168.3827593,100.121114723413,69.2937845209712,169.414899244384,452.462682816903,772.545743034,174.407781345,12694.4141366252,3322574.06757568,81.0557071692308,21.4797623998462,67704.3563930315,383.125779605154,14941.905404601,2119.13491788801,82646.2617976325,26.2591623998462,10662.1998860496,415825.795555933,127.95561024636,503.113291951793,124.549164867904,0.0979091773109414,0.0156942383229415,0.0108619762332348,0.0265562145561763,0.0709246715438882,0.490057646884505,57.829827536982,0.121098501949802,0.0273388614715836,1.98988156874491,520.821900617176,20.3237492479935,5319.4390446479,1.23684526084022,0.279226750979231,1022.59172708036,707.735336197412,4621.24894972782,5.00522688826372,590.647670885081,"1","Balanaced / LC",1730.32706327777
10479.20637676,"070600060901",291.478933080598,1764.29141733993,22206.38221252,145282.6104112,116478.7207799,213078.5941004,193201.8530747,262677.912904,97.1289219882316,64.259854839287,161.388776827519,126.510447194369,496.439972084,128.888846436,11943.9054111244,3134220.49282501,103.158866427429,27.3370996032686,48318.2989566461,240.921554286699,8432.25440003447,1621.44438161944,56750.5533566806,32.1164996032686,5772.37610765373,202033.163767881,112.47115770559,0,101.297251970622,0.0278149816504252,0.00926872880408548,0.00613212990840583,0.0154008587124913,0.0120725217775016,0.168361167239978,18.4366874864845,0.0473738138400411,0.0122994854573949,1.13977194280787,299.089490190388,40.9769079531443,10752.8199712408,1.70317616726944,0.442189234994765,3491.96426619777,2310.26055119848,4548.28440242508,6.052895139602,662.832991162613,"2","WQ / MC",5802.22481739625
5868.48118552,"070600061002",387.393073684916,2045.92600427645,25368.8321534,200974.7348677,156700.7337129,250516.339494,200974.7348677,252273.2632516,101.571764283405,34.7220096707149,136.29377395412,251.099299730796,528.606560487,125.324874769,7367.82652605107,2309808.42790661,100.424863784762,26.6125889029619,54591.3831148509,465.633273563755,9778.29874483886,3065.22294569951,64369.6818596898,31.3919889029619,12635.44841559,265344.41672739,126.513812353156,0,59.8637385823683,0.0660124930860777,0.0173080156640913,0.00591669438361473,0.023224710047706,0.0427877830383717,0.34862955841532,34.2464648883239,0.09007553126204,0.0213555894288677,1.25549120686125,393.595609304478,19.0189939535255,5962.44121232089,1.36452248735077,0.323508300179193,1538.67487099691,525.991491117276,3803.81482340581,5.28126635000318,518.787630754497,"1","Balanaced / LC",2064.66636211419
9168.66314064,"070801010301",3055.44295541419,15348.7863446309,189106.10574283,1662006.4308381,2012582.1185035,2278319.4113664,2416128.1810632,3042084.1870067,557.484895694324,226.624860671317,784.109756365641,2215.21543037189,3736.624441941,840.830641677,111212.359840281,15998573.4468516,53.9944737889888,14.308535554082,216811.643053605,412.123536267017,73357.9894555291,1630.16647477042,290169.632509134,19.087935554082,10967.2812547597,1952176.06334723,127.98023556205,226.858964752082,1141.73943771486,0.333248469111159,0.0608032912915382,0.0247173287092209,0.0855206200007592,0.241607243759777,1.67404845277798,263.520225795377,0.40754299559534,0.0917070055666051,12.1296156412742,1744.91888309628,36.3981136166248,5236.08971933264,1.22294033842778,0.275191078330251,1672.88059021321,680.04771717563,6647.33865478907,5.02342428531783,790.761999592192,"1","Balanaced / LC",2352.92830738884
7373.7026688,"070801010302",440.175059289942,2505.89054155598,31331.41149232,226560.7512924,318106.802971,376223.9873724,309387.2653209,462033.0870989,172.429936157853,24.7995055599917,197.229441717845,236.79343216468,674.627288426,168.509602348,16034.4888209046,1529470.7719373,59.2016081369231,15.6884261562846,38081.7463457254,460.640509781256,11976.6532543126,1925.32306153992,50058.399600038,20.4678261562846,10639.1981112476,276619.150892438,117.74468392487,280.483689336816,196.948683241359,0.0596952547534137,0.023384443867997,0.0033632364463141,0.0267476803143111,0.032113233039164,0.339841549640866,41.9581964743433,0.091490980682001,0.0228527796572279,2.17455049940521,207.422354905748,36.4275269179726,3474.68749002846,1.53263406044463,0.382824057818785,2888.50322978131,415.435123988202,3966.70444146382,5.69294077133379,702.873229164734,"2","WQ / MC",3303.93835376951
5063.26531074,"070801010403",693.834431381755,4076.22140883549,51147.2664961,349432.4364236,505706.3443013,620700.1143184,481516.6045309,757621.4512692,279.647811105137,69.0958533806292,348.743664485766,335.534021613601,1122.232338364,286.288471834,28075.8142168906,3382702.69234969,69.3030544214815,18.3653094216926,74223.9997933585,721.551577829197,19481.8926013883,3470.58860721285,93705.8923947468,23.1447094216926,16412.5306969758,443138.328818347,114.75290060609,40.7577100903286,157.691695087695,0.137032999220882,0.0552307244323064,0.0136465006552325,0.0688772250875388,0.0662683073118604,0.805057834948756,95.1000145122804,0.22164201745138,0.056542261616577,5.54500159360351,668.087189737901,40.4647174412753,4875.37449764941,1.61743535288253,0.412617850722489,2040.73334667641,504.227841275328,2448.56365635518,5.87491946849306,693.993527493253,"2","WQ / MC",2544.96118795174
4836.05030918,"070801010405",1170.16698898972,5944.47773918413,73307.89373431,625679.8203352,833973.4506538,883268.800546,762561.6718718,1024262.9528536,237.741450255203,83.1540681897032,320.895518444906,839.257229154615,1455.767295148,330.016957396,38824.2907531275,4270624.16023087,63.7339991797222,16.8895097826264,100126.472688898,394.597734814675,28411.0369066566,1785.24318882715,128537.509595555,21.6689097826264,10475.2406934827,754217.329930755,117.524061132782,546.227504477338,327.302403878142,0.241967497064383,0.0491602516632037,0.017194624305677,0.0663548759688807,0.173541873119372,1.22920097168966,157.682741725055,0.301024017964536,0.068241009976581,8.02809902110189,883.081003546259,33.1784190790127,3649.585230496,1.24406799101798,0.282025523281018,982.534650891329,343.658008610873,3468.47092827225,5.08002515462888,651.669102826227,"1","Balanaced / LC",1326.1926595022
10283.76731992,"070801010602",2680.22313590533,13655.0613304213,168564.09337467,1429765.73039597,1563796.34079596,1910373.33350723,1750897.4740714,2242467.95379736,633.789218330975,140.696552833867,774.485771164842,1881.85082430371,3400.505462976,778.923888477,63373.0383767742,11061721.930256,51.2634245948101,13.5848075176247,185969.514559473,413.056962801364,65263.0001226155,1590.07920684866,251232.514682088,18.3642075176247,10639.2293992282,1680998.24507806,129.086402495005,2420.77003003543,1214.04995022204,0.260626582897655,0.0616300620788361,0.013681421259049,0.075311483337885,0.182992357349286,1.32782674924694,170.258371237149,0.330667289251976,0.0757430486557391,6.16243409689156,1075.64879543989,23.6446874619519,4127.16455658815,1.26873968716316,0.290619045124351,2431.79038486591,539.839609872476,7220.48688733601,5.09474795120328,653.265562339078,"1","Balanaced / LC",2971.62999473838
4423.19369884,"070801010604",1070.34659837297,5589.73352736903,69227.64115603,567675.8278976,663442.16473322,794958.20784422,729494.63418,962172.76596422,311.94084503987,37.4200643769162,349.360909416786,708.771890991095,1425.942957554,334.853784681,24463.2271896926,2778735.39154413,72.5269895771429,19.2196522379429,104873.991016834,424.056705090596,26715.5724207075,2088.72322916733,131589.563437542,23.9990522379429,11099.4506561134,699265.391335142,136.908452318744,1535.78619877574,253.740841764297,0.241985016087737,0.0705238943349186,0.0084599651122513,0.0789838594471699,0.160239849133664,1.26373247656664,164.924867380624,0.322378592176047,0.0757040743589449,5.53067056414648,628.219241737675,22.8554257348778,2596.10802310958,1.33222543026863,0.312846124040576,1289.09157303677,154.637939910084,2928.990821209,5.2223583798612,681.549915970116,"1","Balanaced / LC",1443.72951294686
15386.49760938,"070801030406",6117.03991674612,31729.9527728564,392374.90727722,3274039.0273944,3728745.6711148,4478009.8259516,4360795.7475818,5582088.0721316,1001.39695203537,849.79457682727,1851.19152886264,4185.41431158629,7925.35832234,1835.918273811,240221.992645021,40788377.3897893,59.1483321434727,15.6743080180203,506867.62941497,487.621016985819,151650.13628259,2117.4204684809,658517.765697559,20.4537080180203,12644.8771482057,3932556.79309196,115.263819976059,5259.23775562152,1855.35610770675,0.397558955393267,0.0650828393477207,0.055229890414386,0.120312729762107,0.272018650237515,2.06219463183831,283.417049044569,0.515085273045407,0.11932008962792,15.6125194143322,2650.92020453853,39.2709539114474,6667.9926802711,1.29561984721457,0.300131811921802,2518.86402871941,2137.53096314143,10527.7827472055,5.18714169021391,712.893132451794,"1","Balanaced / LC",4656.39499186084
9822.59524804,"070801030407",4427.84726399772,22174.2022682247,273013.05135497,2403913.47087101,2780070.2903567,3200282.59049771,3258034.582381,4064508.132217,584.159654713796,529.009637972311,1113.16929268611,3251.13302222397,5369.088467672,1201.19983157,172352.250621644,31970607.8175005,35.2217130786762,9.33375396584918,216691.344160909,377.150826764246,105979.382320753,1148.29440029061,322670.726481662,14.1131539658492,9703.14660979599,2726584.19735267,116.740279221828,3056.24549837947,1043.1292589173,0.45078180991742,0.0594710094392171,0.0538564019603545,0.113327411399572,0.330985135814559,2.25746879600372,331.687756657907,0.54660589509105,0.122289456221836,17.5465084602804,3254.80252521653,38.9246151336381,7220.35018629698,1.21257309648583,0.271283032126426,1295.88115993591,1173.53812051383,7212.20987781107,5.00789682799595,735.805547962704,"1","Balanaced / LC",2469.41928044974
4132.8962436,"070801030408",2086.71344767703,11018.9151364595,136535.72873113,1090116.8026691,1225230.6707943,1519885.205413,1183452.0722932,1620801.3556215,438.267829783488,263.832402992202,702.100232775689,1378.388928049,2799.353533383,658.706672038,65026.6628089693,13827609.6617473,22.4831536920645,5.9580357283971,58655.3294610688,566.277451647254,52663.8030031946,1196.97991897057,111319.132464263,10.7374357283971,12918.665969176,1201435.93513336,104.993427807901,10.181941638526,456.91006899605,0.504903419946341,0.106043753327262,0.0638371707009968,0.169880924028259,0.333516460807238,2.66614850385438,286.349330478798,0.677334578074139,0.159381371612714,15.7339209542621,3345.74323833076,31.1622388217023,6626.50143801033,1.341513151458,0.315667047035752,868.023096040952,522.54033656623,2730.0051328539,5.28051187321671,567.136840762993,"1","Balanaced / LC",1390.56343260718
8906.936517,"070801030409",1678.55211512986,9939.79739323066,124953.98723356,895941.8446469,865627.36276754,1328853.97350784,1807039.8043285,2253464.89164044,781.215466461403,72.3866001666433,853.602066628047,754.788529276783,2791.133485906,720.197398038,52947.7740924776,5733451.18155759,50.9228773672165,13.4945625023124,148170.815835107,489.75533671347,47506.2676612066,2017.28952058056,195677.083496314,18.2739625023124,11253.8033829197,1091618.92814321,122.051440485555,9.08321015114219,539.279260584567,0.188454482854586,0.0877086599831891,0.00812699181458007,0.0958356517977692,0.0847416536354756,1.11596140538998,202.880058803556,0.313366271397441,0.0808580365048536,5.94455500961752,643.706303577507,31.5437177167307,3415.71234510883,1.66282206000501,0.429058705741932,4145.38011846713,384.106544297479,4005.15030390224,5.92164955954417,1076.54673813253,"2","WQ / MC",4529.48666276461
7680.05806452,"070801030601",1894.02682265877,9771.99584427138,120796.94647953,1027003.10324741,1128103.7225949,1342678.29878301,1566397.68361541,1887391.07930031,307.457496737546,244.971769477993,552.429266215539,1301.08356195425,2431.691407086,561.574270943,76359.5464398543,10246502.1653775,99.9915799783459,26.4977686942617,257552.966300906,351.159976978276,46704.2769381106,2287.64844540614,304257.243239017,31.2771686942617,10009.4762893716,1331260.34648643,128.194927807455,43.2688929912768,1052.1611043485,0.246616211329015,0.0400332255504584,0.0318971246597344,0.0719303502101927,0.169410641302953,1.27238567237084,203.956489710903,0.31662409146616,0.0731210970314582,9.94257410534652,1334.16988247965,40.3159794393321,5409.90340938987,1.28387379629211,0.296497528031141,1246.70432280448,993.331979912594,5275.74223504087,5.15937563680001,827.019799760046,"1","Balanaced / LC",2240.03630271707
8022.33743646,"070801030602",1643.39209953657,8582.46040414799,106256.15321176,871350.04807384,991960.8593433,1158844.74329394,1060913.1859317,1357053.353022,499.814626490685,31.0664716270029,530.881098117688,1098.01022444532,2179.595879597,510.336018869,41652.1415449191,2425876.19526327,93.1499882125253,24.6847468763192,212239.471696929,414.33344702611,41019.0112555849,2558.16649446984,253258.482952514,29.4641468763192,11359.6821315793,1124608.53102635,136.987855852707,69.0351379292929,1121.81430477239,0.204852028794957,0.0623028675182774,0.00387249624851377,0.0661753637667912,0.136869114910957,1.0698204198121,132.24489674419,0.271690875241816,0.0636143795883753,5.19202063922393,302.390196682344,25.3452244030289,1476.13962361591,1.32627866484915,0.3105381965831,2439.8812617617,151.653228966057,5360.01635377676,5.22240578287326,645.563031628834,"1","Balanaced / LC",2591.53449072776
15076.16010342,"070801030603",2792.70606871957,15871.2933346393,198563.34493737,1534448.1416009,1799232.6804384,2336498.5921563,3397457.0221773,4217351.7658587,1031.6196641413,153.256444603138,1184.87610874444,1466.19820869385,4272.729323081,1070.681968096,146673.486823517,12308954.8721904,66.323972594386,17.5758527375123,279770.76695336,443.598007974124,75855.2593635751,2079.68436442652,355626.026316935,22.3552527375123,11053.065309461,1890074.16791784,127.980993690415,49.0426676878088,1552.84290645533,0.185239878693385,0.0684272160195007,0.0101654826926634,0.0785926987121641,0.0972527618860487,1.05274109758485,225.352941257674,0.283409654299953,0.0710182142370004,9.72883584529225,816.451588982408,52.5202019884484,4407.53683678354,1.52996026718988,0.38338512602112,5569.10138042613,827.340450037829,7915.13263254049,5.68312344518095,1216.546581909,"2","WQ / MC",6396.44183046396
6778.06153284,"070801030604",256.12268338597,1167.55802078147,14241.26748031,155889.2248827,152283.4053802,180666.0453436,384504.5627637,409749.4383449,27.0593516801049,3.7349070482309,30.7942587283358,207.751087223646,269.506381753,55.733900194,5694.18502864698,560257.955715836,99.316840432,26.31896271448,30908.7552994575,372.015120301529,5580.22680452294,2432.59880693203,36488.9821039805,31.09836271448,12825.213799112,192378.20698668,167.030892692456,83.5997878499322,228.630858613858,0.037787010658585,0.00399219622734334,0.000551028790478681,0.00454322501782202,0.0306505165550775,0.172255447243227,56.7278064533287,0.0397615720139497,0.00822269020780748,0.840090489155109,82.6575493599994,22.2322558602356,2187.45933905254,1.05225502946516,0.217606263752947,716.101941076865,98.8410298442688,5497.9497875799,4.55858889711064,1501.25150057194,"1","Balanaced / LC",814.942970921134
5988.32894442,"070801030605",1416.54603298297,7857.03814018644,98040.42432774,739964.0208916,863794.9756077,1117504.4301577,1142690.9400798,1528392.1062395,471.792458865349,118.238278165777,590.030737031127,796.218892572216,2102.541312763,519.215460781,49410.7078417599,5609149.77686822,73.5386050438461,19.4877303366192,150580.157480716,481.434975477013,37551.928087207,2411.94981497337,188132.085567923,24.2671303366192,11898.6680315323,928096.106459523,122.689316411427,28.7597559293436,433.839262841192,0.236551139079113,0.0787853278008335,0.0197447867782803,0.0985301145791139,0.13296178282159,1.3120585413912,190.819667838149,0.351106516071094,0.0867045657645129,8.25116794691137,936.680304126395,34.8811169501569,3959.73702672862,1.48427319960471,0.366536242869307,1994.46284935268,499.842353860886,3365.94824980287,5.54661688165617,806.674060336404,"2","WQ / MC",2494.30520321356
8716.48319168,"070801030606",1324.47376342747,6099.33817756217,74460.81840486,762775.2793598,883823.5123242,935513.2074997,1537910.5569866,1712239.3683888,91.9725030658102,106.098251611114,198.070754676924,1067.75176321463,1412.703391655,294.32151123,49585.542774373,5482496.35992083,74.3545559436667,19.7039573250717,119938.727841921,485.852948097344,29151.1768858406,2484.83174546269,149089.904727762,24.4833573250717,15197.753068126,911865.184087562,151.416095847377,0,282.789208607212,0.151950475243467,0.0105515608810672,0.0121721397584276,0.0227237006394947,0.122498000596596,0.699747598134999,176.437047277801,0.162072634179281,0.0337660848713543,5.688709733497,628.980316872973,37.4379199826925,4139.37709549886,1.06661485539677,0.22221769834712,605.279469632752,698.242315077428,7026.97218619289,4.60510305751798,1161.14837413374,"1","Balanaced / LC",1303.52178471018
11773.54193858,"070801030607",822.058841096907,4439.29053888865,55203.11899765,428041.9250187,425134.2169792,592616.031892,525730.7644554,694338.5341566,233.195066448036,79.6251927515721,312.820259199608,501.886246175816,1165.754246547,281.693473112,23519.4252561022,3581275.33678788,82.9514754372,21.982140990858,98042.5211288259,424.342904031289,21217.1452015644,2385.19332660781,119259.66633039,26.761540990858,10946.0318269818,547301.59134909,125.95961904051,10.1219863926735,149.903401177053,0.0698225602274497,0.0198067045299166,0.0067630618863006,0.0265697664162172,0.0426283142994731,0.377056501947117,44.6535772495671,0.0990147444692927,0.0239259752571939,1.99765078162527,304.179944783873,28.6103914711498,4356.47079959536,1.41809100306188,0.342668260505689,3339.82405813241,1140.39348445817,7188.02410769388,5.40021020023959,639.529359910412,"1","Balanaced / LC",4480.21754259059
6434.73402416,"070801030402",1468.14401170433,8967.15896556675,112968.29752608,723919.6552218,879745.54958661,1209418.5676577,875228.6105271,1371827.53871411,641.627777257728,200.112408214405,841.740185472132,615.015658704003,2543.238493849,663.679106488,53721.8386169047,6108727.84863765,90.3049254850407,23.9308052535358,212216.923076682,348.436093983981,42857.6395600297,2073.77693200579,255074.562636712,28.7102052535358,7959.30258421554,978994.217858512,105.908894430042,116.006899116179,713.659479757605,0.228159238003001,0.0997131777084581,0.0310987847303491,0.130811962438807,0.0955774794101591,1.39355549613993,136.016284005049,0.395235993329343,0.103140099341501,8.34872714477389,949.336495603653,36.5916682482261,4160.85057047379,1.73228135222009,0.452053137292405,2812.19284773947,877.073442065811,2695.55449118353,6.1078197329954,596.146293244809,"2","WQ / MC",3689.26628980528
8873.23022006,"070801030202",3305.50190922723,16024.9103859086,196615.79396091,1867874.5287855,2329545.179733,2432926.9273142,3170248.3924694,3744263.0382464,518.128047195376,151.501418287993,669.629465483369,2536.82692565289,3802.988766204,826.867820519,113015.234467547,10955608.0298055,85.5526113055,22.6714419959575,356809.049260338,638.245472486763,76589.4566984115,3611.65421632292,433398.50595875,27.4508419959575,19177.2752895354,2301273.03474425,142.307687445501,3288.55792047562,1246.378589864,0.372525205280302,0.0583922691450096,0.0170739870972229,0.0754662562422325,0.285896664770154,1.80598383998654,357.282332797172,0.428591242635231,0.0931867876762256,12.7366507646843,1234.68091755783,34.190037571017,3314.35537799063,1.15050266816911,0.250148946582308,1390.85366533928,406.687698283389,6809.81283868857,4.84795072759615,959.082305661277,"1","Balanaced / LC",1797.54136362267
11907.20567752,"070801030301",4670.78634655662,27487.8676272356,345066.95599343,2450405.74123752,3494793.7416005,4307002.93153462,4445888.624823,6339949.0598759,2165.83498198625,133.861407796466,2299.69638978272,2219.79458598641,7582.830756463,1939.277969069,196582.728631947,14431392.0891952,36.8804581278358,9.77332140387647,271656.550128824,634.664321437729,131375.51453761,1947.01480515186,403032.064666434,14.5527214038765,13784.7237000191,2853437.80590395,124.14832232585,3920.95504141136,1952.4313302326,0.392265530054188,0.181892800094585,0.0112420505214911,0.193134850616076,0.186424476582044,2.30850699750075,373.37799860269,0.636827057651223,0.16286591678938,16.5095601735579,1211.98814230955,42.0877158675584,3089.71359818979,1.62345913382512,0.415193037142165,5521.34922914858,341.25202838489,5658.9081015601,5.88506208328285,951.850137204537,"2","WQ / MC",5862.60125753347
4854.45542846,"070801030302",1886.51801060782,9963.24059874346,123484.12386439,1014764.4234963,1357277.2308804,1502308.0597654,1564190.8899809,2060133.6882293,485.574265304535,121.877661901942,607.451927206477,1238.33429370346,2515.469978918,591.934781014,77490.5263521661,9454505.6133554,46.8127931058252,12.4053901730437,120461.10573847,462.313709879947,47618.3121176345,1631.83900831169,168079.417856104,17.1847901730437,11483.9207898292,1182843.8413524,121.615078508225,1049.4122440574,521.50664941814,0.388615785727028,0.100026516353983,0.0251063510002409,0.125132867354224,0.255092319200941,2.05239099329915,322.217581978524,0.518177582632784,0.121936392194208,15.9627639998229,1947.59345361931,41.0759536439301,5011.61693670194,1.33339303668113,0.313771073313678,1249.49701771922,313.619946430974,3186.52597034051,5.28128570346031,829.141773990766,"1","Balanaced / LC",1563.1169641502
14506.4552932,"070801030303",5733.94619999667,29522.2574500319,365001.38379479,3123339.0634374,4054629.55676319,4479522.44294189,5084441.4982076,6462904.34244699,1288.0267240613,384.625046699346,1672.65177076065,3914.13461303481,7377.086996982,1707.040816903,224875.40620266,30010111.5768021,19.4587380781661,5.15656559071401,151017.23703883,488.230717151151,141098.677256683,1010.7817103651,292115.914295512,9.93596559071401,11818.1833139547,3415454.97773291,111.952628812766,4443.81493509128,1633.81679464529,0.395268594849942,0.0887899006358275,0.0265140614247535,0.115303962060581,0.269820196176359,2.03511173841832,350.495099970492,0.50853822301028,0.11767456504024,15.5017474398499,2068.74187871861,39.2182623204226,5233.76232180544,1.28656369272985,0.297707853782094,3258.61133629977,973.072618747672,9902.46800285448,5.14868058058324,886.726404620007,"1","Balanaced / LC",4231.68395504744
11053.7350441,"070801030401",3233.22352179873,16200.0752849193,199562.55437327,1761254.2313282,2026816.1029162,2243267.3652287,2413950.8450767,2907676.7532499,677.142354697202,159.750486439491,836.892841136693,2346.79603995628,3970.074665424,894.060502189,83600.154381233,9198812.14641152,81.4615552266071,21.5873121350509,347498.915810071,691.309284078065,77426.6398167432,3793.97817523941,424925.555626814,26.3667121350509,19519.4623835269,2186179.78695501,131.718229011616,2083.28206124316,792.382177240164,0.292500544738901,0.0612591447140423,0.0144521725735374,0.0757113172875796,0.21230796926048,1.46557477814399,218.383273657818,0.359161373923383,0.0808831131397717,7.56306841512861,832.190396251758,25.8565960001194,2845.09007323254,1.22789984628571,0.276522948741759,2315.01228588018,546.154492061173,8023.21938255237,5.01050273069483,746.608092141354,"1","Balanaced / LC",2861.16677794136
6099.43548572,"070801030403",1850.84832447077,9856.546316845,122317.29682705,983901.1699995,1097030.1327967,1343236.2333307,1360211.2857157,1727531.7090234,461.651571298604,178.074099987461,639.725671286065,1182.60770554169,2532.747771142,602.576141452,69430.7827015906,8095072.93290027,81.2983418056863,21.5440605785069,210629.268344514,461.846837909108,47108.377466729,2526.8396648161,257737.645811243,26.3234605785069,12172.929566772,1241638.81581074,117.157426353635,22.2614789787291,827.765803754748,0.303445839996829,0.0756875898399816,0.029195177226543,0.104882767066525,0.193888058708123,1.61597681292329,223.006094400085,0.415242980612168,0.0987921165594343,11.3831489592999,1327.1839585569,37.5129511065925,4373.70951788552,1.36842535266428,0.325567542993724,1521.36398147172,586.839812960763,3897.26122313638,5.32542088215866,734.912346804343,"1","Balanaced / LC",2108.20379443248
4498.82141852,"070801030404",928.316453631602,6507.71561549904,83014.27008952,427579.8718981,498750.8800986,802266.2311132,538174.2274072,925723.1304508,743.613008142369,11.560665409178,755.173673551547,165.108447355581,1973.579198689,546.977269805,43024.2503599743,1543738.20942434,72.5457478945455,19.2246231920545,121698.885983776,565.508654776657,31102.9760127161,2778.21567266349,152801.861996492,24.0040231920545,10552.3951617199,580381.733894592,95.8214273326796,0,487.077868662782,0.2063465888666,0.165290625913975,0.00256970978256372,0.167860335696539,0.0367003781647989,1.44653788405763,119.62560353957,0.438688050733576,0.121582347668502,9.56344925870123,343.14280692924,46.3465343005202,1662.94392756391,2.1259767517513,0.589214235797726,3603.7087515079,56.0254738044243,800.151086879953,7.01023405331303,579.731432424629,"2","WQ / MC",3659.73422531232
10365.37629868,"070801030405",2915.94780486013,17143.6176511028,215157.9685823,1491492.8846428,1604784.29119669,2197626.64848607,2234623.5879706,2960208.62195519,1124.52256515467,336.546063799804,1461.06862895447,1398.96371231802,4735.020826886,1209.64819469,122927.46151016,12650174.3196181,90.2669472525,23.9207410219125,397199.171111193,445.305468487396,81936.2062016809,2603.99661583084,479135.377312874,28.7001410219125,10709.9362062808,1970628.26195567,111.142666185328,4.92489801002162,1433.75156501517,0.281316154940894,0.108488349361506,0.0324682919463968,0.140956641307902,0.134965067548602,1.65393104476931,215.585379978455,0.456811281177413,0.116700847111942,11.8594306630059,1220.42595995565,42.156948524686,4338.27186430893,1.62383593389221,0.414838767920958,3997.3622040687,1196.32682975677,4972.92348038792,5.87926080930833,766.345537545651,"2","WQ / MC",5193.68903382547
5282.96934014,"070802060802",1574.07151450435,9827.42344498011,124150.5319058,827235.9223959,1098690.710695,1516482.2927974,1718635.8168771,2423715.8495701,915.380617203116,10.2157467593825,925.596363962499,579.928411536836,2827.503245252,748.489553088,55949.0442451045,3589996.75324729,63.1618829545455,16.7378989829545,162131.366949236,711.654357771787,46969.1876129379,3168.190220639,209100.554562174,21.5172989829545,15702.0678326981,1036336.47695807,126.672940549132,3657.84865651401,1308.12431448386,0.297952044230989,0.173270098360794,0.00193371305068218,0.175203811411476,0.109773192725262,1.86020830564193,325.316258002655,0.535210988973309,0.141679707925044,10.5904540880076,679.541470356547,35.5441564945173,2280.70752832201,1.79629910026187,0.475511783417088,3072.24143927492,34.2865469701652,1946.38171734524,6.24331445834887,1091.84100025993,"2","WQ / MC",3106.52798624508
8905.75078702,"070802060803",1904.43482680452,9966.59870341968,123466.80631585,1011337.0155463,1164025.09932924,1387979.17737984,1323623.1857551,1708785.23845734,492.554375925669,133.376990950458,625.931366876127,1254.84267758028,2546.423294962,599.088587008,50030.3825223416,8298983.92364333,71.3996527272566,18.920907972723,187055.559549931,421.54302516039,47634.361843124,2076.90195923058,234689.921393055,23.700307972723,11026.7870525607,1246026.93693935,127.630220104608,1780.15123627521,490.508940068998,0.21384326513832,0.0553074510734749,0.01497650160443,0.0702839526779048,0.140902514295504,1.11911942538813,148.625670918645,0.285930221478168,0.0672698575712632,5.61776134531635,931.867971843427,26.2704618809604,4357.71484896037,1.33710183153638,0.314575525807423,2303.34294422165,623.713778706971,5868.04862322229,5.23336297107252,695.021518786246,"1","Balanaced / LC",2927.05672292862
8393.19168686,"070802060804",1749.06942494836,10383.7207164463,130504.43072604,902201.4744157,1075286.48822243,1479584.30142683,1484723.9213205,2077192.01794193,872.114011688123,35.7568286460845,907.870840334208,796.73040596011,2905.204844125,748.495527043,50869.0865771012,3353467.2279847,77.8602526188119,20.6329669439851,214466.808021373,491.365889031517,49627.9547921832,2614.79963181739,264094.762813556,25.4123669439851,11547.4874973194,1166296.23722926,121.131950351333,3792.44626583879,500.77947700166,0.208391454669935,0.103907314907804,0.00426021827930652,0.10816753318711,0.0949257964890085,1.23715996296171,176.896224548871,0.346138269268085,0.0891788910546164,6.06075596447291,399.546126562882,29.0835148402431,1917.2865182774,1.66100030260993,0.427939289525399,4184.979720351,171.584908328984,3823.23933206391,5.93671158407724,848.865059409711,"2","WQ / MC",4356.56462867998
9338.48557368,"070802060805",297.50721861791,2095.73278315138,26771.537036,135484.1702296,185525.2653244,291098.8988856,169904.3574826,329793.73267,247.127164365339,4.89799567532783,252.025160040667,42.8581186599703,648.414038401,180.873682095,8095.32918396697,517362.9115655,80.4014226145455,21.3063769928545,45133.0360046204,910.576842163064,10016.3452637937,5013.58011531038,55149.3812684141,26.0857769928545,17330.3228634558,190633.551498014,127.012670407817,114.734639226244,93.741814354838,0.0318581868837938,0.026463302043519,0.000524495715786354,0.0269877977593054,0.00458940781369985,0.22441891317561,18.1939947480848,0.0694346029969269,0.0193686310984709,0.866878159214938,55.4011576591882,27.2105302909098,1738.99280148208,2.17949010250323,0.607964011546547,7757.10071846719,153.74370466197,1345.27802276696,7.04430901840719,571.093226819511,"2","WQ / MC",7910.84442312916
9476.51587456,"070802060601",4681.43800043258,24039.7700655679,297044.48963148,2561346.98814192,3567624.4048862,3744500.17379992,4154646.99136037,5357691.17939357,1149.94454879048,177.222833387713,1327.16738217819,3234.65237913943,5968.091877523,1374.030827328,165691.198345226,20608942.5923372,34.1057027629157,9.03801123217265,211075.972610423,692.14263283961,114895.677051375,1963.68463651686,325971.649661798,13.8174112321727,17393.4857699019,2887318.63780372,129.215231153861,4770.61286047574,2790.90899651233,0.494004132151569,0.121346765415921,0.0187012648671305,0.140048030283051,0.341333505051467,2.53677304863736,438.415029991523,0.629777014730121,0.144993249155697,17.4844004419419,2174.73836008258,35.393227108832,4402.26754908062,1.27484159289764,0.293506146444968,2327.80350193034,358.747674064674,6547.82453954654,5.13512516097545,887.472394374649,"1","Balanaced / LC",2686.55117599502
11432.02742318,"070802060602",6438.12168951181,31215.1723335139,382745.87504612,3536717.23745221,4627698.34388057,4655761.19974768,4774712.229974,5906986.48901357,764.873045422024,572.821556116371,1337.6946015384,5008.44000975079,7350.583888256,1587.442122348,208080.827095556,36102637.2509118,59.9553976233333,15.8881803701833,496683.503011435,621.624144378318,149189.794650796,2691.1387402593,645873.297662231,20.6675803701833,17427.4605629768,4182590.53511444,126.908899172837,5953.74402902143,1508.29222092763,0.563165346897055,0.0669061590834833,0.0501067339074867,0.11701289299097,0.438106017800088,2.73050187670307,417.661019627421,0.642981652873898,0.138859194750464,18.2015682252164,3158.02577395054,32.3201140224695,5607.63511347196,1.14172801365819,0.246569139091307,1358.16780921686,1017.14631284137,8893.37392179125,4.84849057518838,741.631249025996,"1","Balanaced / LC",2375.31412205823
9299.92304474,"070802060603",4157.26056873807,21111.2596357823,260634.1958075,2270826.7158326,2794738.6638468,3122193.4517719,3542108.9199882,4407908.39241,834.389095976735,324.340012631162,1158.7291086079,2901.90533398798,5258.791391756,1205.437573364,136695.129786995,20170583.5384711,52.8850950961991,14.0145502004928,296813.062099482,456.557259290759,100899.154303258,1799.60278915267,397712.21640274,18.7939502004928,12074.836797445,2668538.93223534,128.707286523881,4280.46207505827,1180.79384905969,0.447020964446518,0.0897200000432974,0.0348755587622424,0.12459555880554,0.312035413629502,2.27004670191574,380.875078529989,0.5654661190697,0.129618015930335,14.6985226790999,2168.89789748094,32.8810589393699,4851.89302064697,1.26496554757748,0.289959590800898,1866.55473084991,725.558840473502,6491.6537808937,5.07816608719105,852.029566446782,"1","Balanaced / LC",2592.11357132341
10841.72814242,"070802060704",2569.19892846493,12546.1254201323,154134.48257714,1443582.5566148,1780212.937034,1899865.8905741,2540085.4863294,3001396.9428704,290.687212990201,264.459077758161,555.146290748363,1931.17450788553,3007.698341334,661.643910783,102452.439643112,15017462.6239756,86.2603133966387,22.8589830501092,285637.138873034,503.89035153765,59962.9518329803,2904.20244290768,345600.090706014,27.6383830501092,15035.1482968136,1789182.64732081,136.813502141256,2899.89053021216,968.595033594315,0.236973192346756,0.026811889135353,0.0243927051374239,0.0512045942727768,0.178124232826822,1.15720715879635,234.287878552397,0.277418719767183,0.061027531966441,9.44982555338671,1385.15395578103,39.8771922672124,5845.19262311398,1.17067553937175,0.257529264648388,1226.66707618492,1115.98731965929,8149.33743669917,4.88328298798897,988.668280290414,"1","Balanaced / LC",2342.65439584421
4906.01647172,"070802060801",2295.32589493177,12410.5412639266,154223.78179085,1191306.1423473,1413938.97034151,1699635.25563531,1335327.8392839,1854272.53691741,613.711222345544,240.106689016984,853.817911362528,1431.14933728899,3216.406325039,772.463414337,76158.4175981112,14578106.103039,67.3336682990385,17.8434220992452,223229.560395872,570.335970353951,59314.9409168109,2716.77405108349,282544.501312683,22.6228220992452,14171.6408044229,1473850.64365998,115.384281151513,2130.22521304725,639.320118718267,0.467859394309586,0.125093591895419,0.0489412724969521,0.174034864392371,0.291713112978449,2.52965747984446,272.181686910592,0.655604469242917,0.157452266780952,15.5234736852424,2971.47516464169,33.1797840848108,6351.21406299142,1.40128525197273,0.336537576665104,1311.74286507849,513.202667163083,3058.93042802083,5.40687546432073,581.759584655229,"1","Balanaced / LC",1824.94553224157
17048.86271332,"070801010601",683.467378377923,3774.81841097891,47064.215909617,351270.7300219,401339.29917258,538609.96493817,415942.7615179,607677.50063548,254.114135172555,31.5187596623326,285.632894834887,392.939422062976,1009.696046462,248.258533558,14458.7642647598,2887526.86848056,64.9576738133333,17.2137835605333,64587.2871704664,286.370906562422,18041.3671134326,1311.56594101427,82628.654283899,21.9931835605333,6887.29181437776,433899.384305799,126.699994565634,77.4920628263693,260.134060279604,0.0400887372882615,0.014905049060781,0.00184873092078497,0.016753779981566,0.0230478377748903,0.221411743085344,24.3970972440837,0.0592236598675371,0.0145615891061191,0.848077933870827,169.367711913393,21.1550173748963,4224.82032036927,1.47731417534267,0.363233917831153,6338.79120076357,786.224805129037,9801.74105354107,5.5230410849128,608.57734352305,"1","Balanaced / LC",7125.01600589261
12503.93946568,"070801010603",465.161672057391,2310.75231916697,28436.14672811,247121.6362205,245833.5370176,310684.284739,247121.6362205,312410.7116831,99.8087205424976,22.656498402884,122.465218945382,342.696453112009,567.548118356,127.074036831,7144.95232904883,1276969.96473374,64.1071896948718,16.988405269141,38850.8882814277,283.179734210939,11044.0096342266,1279.35635681165,49894.8979156543,21.767805269141,7615.8085675937,297016.534136154,135.820186528379,29.388384180589,190.711067046141,0.0372012095335343,0.0079821820008363,0.00181194882341442,0.00979413082425073,0.0274070787092836,0.184801943860123,19.7635022865221,0.0453895446242178,0.0101627200915187,0.571416100394586,102.125411614371,15.3601484349452,2745.21750488547,1.22010937798413,0.273182517959738,2682.94288798666,609.02585391641,9211.97072377693,4.96763267047908,531.259669627317,"1","Balanaced / LC",3291.96874190307
15670.75310264,"070801010605",847.973838197166,4368.2606643437,54011.10382061,445217.7327133,459234.540106,592569.2276766,477302.6584903,628198.9399243,204.932176681672,62.5038999547136,267.436076636386,578.151120457034,1107.661319268,257.288097436,16714.9162545193,2425811.8459949,64.3469929779747,17.0519531391633,73172.2680938271,264.274240748915,20877.6650191643,1190.50548244293,94049.9331129913,21.8313531391633,6826.17298514293,539267.665826291,128.70217298906,157.185457228888,225.637966794539,0.0541118753287173,0.0130773661826851,0.00398857027134093,0.0170659364540261,0.0368936398059667,0.27875244002203,30.4581825368616,0.0706833495501499,0.0164183620117565,1.06663133194941,154.798676879558,19.7115942751914,2860.71543333494,1.30624468512253,0.303415135994062,3787.1941313576,1155.08656048264,10684.3667299442,5.15140971050574,562.874273934051,"1","Balanaced / LC",4942.28069184024
8942.08754296,"070802060301",1671.36263491252,8214.6914599929,101000.40662378,916769.02809932,1164921.9787818,1223284.26073192,1350616.9811472,1662570.793914,314.416568144296,81.4331583458498,395.849726490146,1242.76819538172,1992.948999491,442.1891631,44078.1262104134,7467312.66554423,80.8898029378571,21.4357977785321,179480.366056063,701.094577926608,39261.2963638901,3906.10111464201,218741.662419953,26.2151977785321,20276.9766164156,1135510.69051927,140.402907403231,1342.70810994341,511.836297430909,0.186909670351904,0.0351614280931339,0.00910672792618332,0.0442681560193172,0.138979649820151,0.918654779493881,151.040456119279,0.222872901871781,0.0494503281225568,4.92928815543923,835.074878172397,26.3725688786386,4467.79921338559,1.1924096888736,0.264568055946245,1682.18459511661,435.681889505939,6649.03101611542,4.91496655985901,808.093320345103,"1","Balanaced / LC",2117.86648462255
7247.95054116,"070802060302",2905.82829351571,14276.4964530645,175410.56910555,1577396.7525226,1881086.4105163,2038752.7408377,1997800.6907302,2467340.6961955,473.136542543113,208.614127836387,681.7506703795,2192.67945562272,3435.231039348,757.025294594,76352.9721841637,14464551.258992,68.9709545499281,18.2773029557309,261078.73592867,490.885519048751,68233.0871477763,2369.14980630537,329311.823076447,23.0567029557309,13717.3278820075,1906708.57559905,127.121482499924,2962.62853372772,744.941277903739,0.400917235432824,0.0652786659975455,0.0287824988114501,0.0940611648089956,0.302524064309053,1.96972873531496,275.636634022955,0.473958951546351,0.104446807451978,10.5344223516106,1995.67466373425,26.2758031348734,4977.77218677006,1.18218652045396,0.260519624054624,1180.13520180125,520.342128996201,5469.15737672276,4.91305576620689,687.515052141329,"1","Balanaced / LC",1700.47733079745
6110.62505362,"070802060406",1287.02167580302,6441.96525139712,79249.06763931,686331.9817728,841422.6061371,932149.4019227,729216.3338324,979129.9675555,236.811240558266,85.2631363372101,322.074376895476,962.430700394948,1544.044987147,342.629622519,43816.6771381438,7089478.52265844,74.578071985,19.763189076025,128443.085028563,549.798727187989,30788.7287225274,2843.42524555518,159231.81375109,24.542589076025,15099.353491498,845563.79552389,124.192520400887,1167.17980454476,435.079985628442,0.210620298988985,0.0387540126386868,0.0139532593783838,0.0527072720170706,0.15750118718621,1.05422361785736,119.335800746014,0.252682004475515,0.0560711252142729,7.17057203701057,1160.18876308874,34.0450187917813,5508.43754689293,1.19970394918455,0.266218999229535,1124.35145945098,404.819178144217,4569.50590714565,5.00532770543878,566.592115379419,"1","Balanaced / LC",1529.17063759519
11284.41820468,"070802060501",3785.70783250113,20909.95227614,260651.95580951,2057197.1440877,2814907.4968002,3308466.6759986,3886700.290302,5160818.33918,1320.92468965459,135.54894422837,1456.47363388296,2190.84743615184,5497.658101,1346.477722374,150113.604950154,15001309.2648235,34.4188612255281,9.12099822476494,190589.275045539,561.443965778559,99937.0259085835,1632.17023007934,290526.300954123,13.9003982247649,13189.4575564147,2347723.44504182,117.226047743559,7396.97975912544,3681.29247508104,0.335480993688366,0.11705740302205,0.0120120454390953,0.129069448461146,0.194148018658439,1.85299338405129,344.430720290929,0.487190212315948,0.11932185585036,13.3027332226926,1329.38260464345,39.6527179571006,3962.61674924672,1.45221404932557,0.355673966916885,3937.40544026651,404.043587501365,6530.46663557625,5.52339303541162,1026.67729847872,"2","WQ / MC",4341.44902776788
11727.52509352,"070802060502",5666.1941858578,28728.1817402735,354430.49392092,3125009.778195,4180457.9160185,4415886.8236861,5003405.8995164,6317377.9015847,1335.17216757225,174.137915612633,1509.31008318488,4014.50885728711,7078.782341075,1611.535376836,179519.076310353,19096719.9215562,35.995887056845,9.53891007006392,270755.117036581,532.183999261486,137303.471809463,1581.62243738777,408058.588846044,14.3183100700639,13694.0634381436,3533068.36704104,124.147012260425,6907.95984772193,2818.48838429675,0.483153448035565,0.113849440263402,0.0148486500113184,0.12869809027472,0.34231509421415,2.4496372006185,426.637833610862,0.603604109530864,0.13741478819998,15.3074988012216,1628.36743211132,31.6824786482633,3370.29040925204,1.24930104914916,0.284412309916631,2763.45366674061,360.419482300403,8308.97279862029,5.07010187048936,883.027608196761,"1","Balanaced / LC",3123.87314904101
4564.31580076,"070802060503",1492.38775282936,8495.35443172957,106349.84403067,795899.0440197,1010182.69102297,1278904.21622167,1503306.2967004,1997850.36639937,667.089926140109,4.36629471045613,671.456220850565,766.853383048437,2323.468590577,585.343754614,46757.4596946345,3051351.95621236,51.4562135452632,13.6358965894947,118590.648299196,534.246012776425,40602.6969710083,2094.64927987111,159193.345270204,18.4152965894947,12567.0051222356,955092.389289905,133.272669465757,3035.29354717079,842.007526471968,0.326968557386161,0.146153324016062,0.000956615383565069,0.147109939399627,0.168010588338508,1.86125474278423,329.360710853987,0.509050795781949,0.128243482739852,10.2441333456482,668.523408416281,31.33063750087,2044.61069211231,1.55687996378423,0.392219618195251,2040.22653270679,13.3538672506035,2345.34289528873,5.69245788544135,1007.31615751358,"2","WQ / MC",2053.58039995739
