biomass,price,yield,costs,npv,transport,,,,,,,,,,
prairie,20,3,direct cost,-274, Farmgate ,,,,,,,,,,
prairie,20,6,direct cost,-221, Farmgate ,,,,,,,,,,
prairie,20,9,direct cost,-169, Farmgate ,,,,,,,,,,
prairie,30,3,direct cost,-247, Farmgate ,,,,,,,,,,
prairie,30,6,direct cost,-169, Farmgate ,,,,,,,,,,
prairie,30,9,direct cost,-91, Farmgate ,,,,,,,,,,
prairie,40,3,direct cost,-221, Farmgate ,,,,,,,,,,
prairie,40,6,direct cost,-117, Farmgate ,,,,,,,,,,
prairie,40,9,direct cost,-12, Farmgate ,,,,,,,,,,
prairie,50,3,direct cost,-195, Farmgate ,,,,,,,,,,
prairie,50,6,direct cost,-64, Farmgate ,,,,,,,,,,
prairie,50,9,direct cost,66, Farmgate ,,,,,,,,,,
prairie,60,3,direct cost,-169, Farmgate ,,,,,,,,,,
prairie,60,6,direct cost,-12, Farmgate ,,,,,,,,,,
prairie,60,9,direct cost,145, Farmgate ,,,,,,,,,,
prairie,70,3,direct cost,-143, Farmgate ,,,,,,,,,,
prairie,70,6,direct cost,40, Farmgate ,,,,,,,,,,
prairie,70,9,direct cost,223, Farmgate ,,,,,,,,,,
prairie,80,3,direct cost,-117, Farmgate ,,,,,,,,,,
prairie,80,6,direct cost,93, Farmgate ,,,,,,,,,,
prairie,80,9,direct cost,302, Farmgate ,,,,,,,,,,
prairie,90,3,direct cost,-91, Farmgate ,,,,,,,,,,
prairie,90,6,direct cost,145, Farmgate ,,,,,,,,,,
prairie,90,9,direct cost,380, Farmgate ,,,,,,,,,,
prairie,100,3,direct cost,-64, Farmgate ,,,,,,,,,,
prairie,100,6,direct cost,197, Farmgate ,,,,,,,,,,
prairie,100,9,direct cost,459, Farmgate ,,,,,,,,,,
prairie,110,3,direct cost,-38, Farmgate ,,,,,,,,,,
prairie,110,6,direct cost,249, Farmgate ,,,,,,,,,,
prairie,110,9,direct cost,537, Farmgate ,,,,,,,,,,
prairie,120,3,direct cost,-12, Farmgate ,,,,,,,,,,
prairie,120,6,direct cost,302, Farmgate ,,,,,,,,,,
prairie,120,9,direct cost,616, Farmgate ,,,,,,,,,,
prairie,130,3,direct cost,14, Farmgate ,,,,,,,,,,
prairie,130,6,direct cost,354, Farmgate ,,,,,,,,,,
prairie,130,9,direct cost,694, Farmgate ,,,,,,,,,,
prairie,140,3,direct cost,40, Farmgate ,,,,,,,,,,
prairie,140,6,direct cost,406, Farmgate ,,,,,,,,,,
prairie,140,9,direct cost,773, Farmgate ,,,,,,,,,,
cereal rye,20,1,delivered cost,-276, Farmgate ,,,,,,,,,,
cereal rye,20,3,delivered cost,-233, Farmgate ,,,,,,,,,,
cereal rye,20,5,delivered cost,-191, Farmgate ,,,,,,,,,,
cereal rye,30,1,delivered cost,-265, Farmgate ,,,,,,,,,,
cereal rye,30,3,delivered cost,-201, Farmgate ,,,,,,,,,,
cereal rye,30,5,delivered cost,-138, Farmgate ,,,,,,,,,,
cereal rye,40,1,delivered cost,-254, Farmgate ,,,,,,,,,,
cereal rye,40,3,delivered cost,-170, Farmgate ,,,,,,,,,,
cereal rye,40,5,delivered cost,-85, Farmgate ,,,,,,,,,,
cereal rye,50,1,delivered cost,-244, Farmgate ,,,,,,,,,,
cereal rye,50,3,delivered cost,-138, Farmgate ,,,,,,,,,,
cereal rye,50,5,delivered cost,-32, Farmgate ,,,,,,,,,,
cereal rye,60,1,delivered cost,-233, Farmgate ,,,,,,,,,,
cereal rye,60,3,delivered cost,-106, Farmgate ,,,,,,,,,,
cereal rye,60,5,delivered cost,21, Farmgate ,,,,,,,,,,
cereal rye,70,1,delivered cost,-223, Farmgate ,,,,,,,,,,
cereal rye,70,3,delivered cost,-74, Farmgate ,,,,,,,,,,
cereal rye,70,5,delivered cost,74, Farmgate ,,,,,,,,,,
cereal rye,80,1,delivered cost,-212, Farmgate ,,,,,,,,,,
cereal rye,80,3,delivered cost,-42, Farmgate ,,,,,,,,,,
cereal rye,80,5,delivered cost,127, Farmgate ,,,,,,,,,,
cereal rye,90,1,delivered cost,-201, Farmgate ,,,,,,,,,,
cereal rye,90,3,delivered cost,-11, Farmgate ,,,,,,,,,,
cereal rye,90,5,delivered cost,180, Farmgate ,,,,,,,,,,
cereal rye,100,1,delivered cost,-191, Farmgate ,,,,,,,,,,
cereal rye,100,3,delivered cost,21, Farmgate ,,,,,,,,,,
cereal rye,100,5,delivered cost,233, Farmgate ,,,,,,,,,,
cereal rye,110,1,delivered cost,-180, Farmgate ,,,,,,,,,,
cereal rye,110,3,delivered cost,53, Farmgate ,,,,,,,,,,
cereal rye,110,5,delivered cost,286, Farmgate ,,,,,,,,,,
cereal rye,120,1,delivered cost,-170, Farmgate ,,,,,,,,,,
cereal rye,120,3,delivered cost,85, Farmgate ,,,,,,,,,,
cereal rye,120,5,delivered cost,339, Farmgate ,,,,,,,,,,
cereal rye,130,1,delivered cost,-159, Farmgate ,,,,,,,,,,
cereal rye,130,3,delivered cost,117, Farmgate ,,,,,,,,,,
cereal rye,130,5,delivered cost,392, Farmgate ,,,,,,,,,,
cereal rye,140,1,delivered cost,-148, Farmgate ,,,,,,,,,,
cereal rye,140,3,delivered cost,148, Farmgate ,,,,,,,,,,
cereal rye,140,5,delivered cost,445, Farmgate ,,,,,,,,,,
prairie,20,3,delivered cost,-815, Farmgate ,,,,,,,,,,
prairie,20,6,delivered cost,-763, Farmgate ,,,,,,,,,,
prairie,20,9,delivered cost,-711, Farmgate ,,,,,,,,,,
prairie,30,3,delivered cost,-789, Farmgate ,,,,,,,,,,
prairie,30,6,delivered cost,-711, Farmgate ,,,,,,,,,,
prairie,30,9,delivered cost,-632, Farmgate ,,,,,,,,,,
prairie,40,3,delivered cost,-763, Farmgate ,,,,,,,,,,
prairie,40,6,delivered cost,-659, Farmgate ,,,,,,,,,,
prairie,40,9,delivered cost,-554, Farmgate ,,,,,,,,,,
prairie,50,3,delivered cost,-737, Farmgate ,,,,,,,,,,
prairie,50,6,delivered cost,-606, Farmgate ,,,,,,,,,,
prairie,50,9,delivered cost,-475, Farmgate ,,,,,,,,,,
prairie,60,3,delivered cost,-711, Farmgate ,,,,,,,,,,
prairie,60,6,delivered cost,-554, Farmgate ,,,,,,,,,,
prairie,60,9,delivered cost,-397, Farmgate ,,,,,,,,,,
prairie,70,3,delivered cost,-685, Farmgate ,,,,,,,,,,
prairie,70,6,delivered cost,-502, Farmgate ,,,,,,,,,,
prairie,70,9,delivered cost,-318, Farmgate ,,,,,,,,,,
prairie,80,3,delivered cost,-659, Farmgate ,,,,,,,,,,
prairie,80,6,delivered cost,-449, Farmgate ,,,,,,,,,,
prairie,80,9,delivered cost,-240, Farmgate ,,,,,,,,,,
prairie,90,3,delivered cost,-632, Farmgate ,,,,,,,,,,
prairie,90,6,delivered cost,-397, Farmgate ,,,,,,,,,,
prairie,90,9,delivered cost,-162, Farmgate ,,,,,,,,,,
prairie,100,3,delivered cost,-606, Farmgate ,,,,,,,,,,
prairie,100,6,delivered cost,-345, Farmgate ,,,,,,,,,,
prairie,100,9,delivered cost,-83, Farmgate ,,,,,,,,,,
prairie,110,3,delivered cost,-580, Farmgate ,,,,,,,,,,
prairie,110,6,delivered cost,-292, Farmgate ,,,,,,,,,,
prairie,110,9,delivered cost,-5, Farmgate ,,,,,,,,,,
prairie,120,3,delivered cost,-554, Farmgate ,,,,,,,,,,
prairie,120,6,delivered cost,-240, Farmgate ,,,,,,,,,,
prairie,120,9,delivered cost,74, Farmgate ,,,,,,,,,,
prairie,130,3,delivered cost,-528, Farmgate ,,,,,,,,,,
prairie,130,6,delivered cost,-188, Farmgate ,,,,,,,,,,
prairie,130,9,delivered cost,152, Farmgate ,,,,,,,,,,
prairie,140,3,delivered cost,-502, Farmgate ,,,,,,,,,,
prairie,140,6,delivered cost,-135, Farmgate ,,,,,,,,,,
prairie,140,9,delivered cost,231, Farmgate ,,,,,,,,,,
prairie,20,3,delivered cost,-844, 8 km ,,,,,,,,,,
prairie,20,6,delivered cost,-821, 8 km ,,,,,,,,,,
prairie,20,9,delivered cost,-797, 8 km ,,,,,,,,,,
prairie,30,3,delivered cost,-818, 8 km ,,,,,,,,,,
prairie,30,6,delivered cost,-768, 8 km ,,,,,,,,,,
prairie,30,9,delivered cost,-719, 8 km ,,,,,,,,,,
prairie,40,3,delivered cost,-792, 8 km ,,,,,,,,,,
prairie,40,6,delivered cost,-716, 8 km ,,,,,,,,,,
prairie,40,9,delivered cost,-640, 8 km ,,,,,,,,,,
prairie,50,3,delivered cost,-766, 8 km ,,,,,,,,,,
prairie,50,6,delivered cost,-664, 8 km ,,,,,,,,,,
prairie,50,9,delivered cost,-562, 8 km ,,,,,,,,,,
prairie,60,3,delivered cost,-740, 8 km ,,,,,,,,,,
prairie,60,6,delivered cost,-611, 8 km ,,,,,,,,,,
prairie,60,9,delivered cost,-483, 8 km ,,,,,,,,,,
prairie,70,3,delivered cost,-713, 8 km ,,,,,,,,,,
prairie,70,6,delivered cost,-559, 8 km ,,,,,,,,,,
prairie,70,9,delivered cost,-405, 8 km ,,,,,,,,,,
prairie,80,3,delivered cost,-687, 8 km ,,,,,,,,,,
prairie,80,6,delivered cost,-507, 8 km ,,,,,,,,,,
prairie,80,9,delivered cost,-326, 8 km ,,,,,,,,,,
prairie,90,3,delivered cost,-661, 8 km ,,,,,,,,,,
prairie,90,6,delivered cost,-454, 8 km ,,,,,,,,,,
prairie,90,9,delivered cost,-248, 8 km ,,,,,,,,,,
prairie,100,3,delivered cost,-635, 8 km ,,,,,,,,,,
prairie,100,6,delivered cost,-402, 8 km ,,,,,,,,,,
prairie,100,9,delivered cost,-169, 8 km ,,,,,,,,,,
prairie,110,3,delivered cost,-609, 8 km ,,,,,,,,,,
prairie,110,6,delivered cost,-350, 8 km ,,,,,,,,,,
prairie,110,9,delivered cost,-91, 8 km ,,,,,,,,,,
prairie,120,3,delivered cost,-583, 8 km ,,,,,,,,,,
prairie,120,6,delivered cost,-298, 8 km ,,,,,,,,,,
prairie,120,9,delivered cost,-12, 8 km ,,,,,,,,,,
prairie,130,3,delivered cost,-556, 8 km ,,,,,,,,,,
prairie,130,6,delivered cost,-245, 8 km ,,,,,,,,,,
prairie,130,9,delivered cost,66, 8 km ,,,,,,,,,,
prairie,140,3,delivered cost,-530, 8 km ,,,,,,,,,,
prairie,140,6,delivered cost,-193, 8 km ,,,,,,,,,,
prairie,140,9,delivered cost,144, 8 km ,,,,,,,,,,
prairie,20,3,delivered cost,-860, 16 km ,,,,,,,,,,
prairie,20,6,delivered cost,-852, 16 km ,,,,,,,,,,
prairie,20,9,delivered cost,-844, 16 km ,,,,,,,,,,
prairie,30,3,delivered cost,-834, 16 km ,,,,,,,,,,
prairie,30,6,delivered cost,-800, 16 km ,,,,,,,,,,
prairie,30,9,delivered cost,-766, 16 km ,,,,,,,,,,
prairie,40,3,delivered cost,-808, 16 km ,,,,,,,,,,
prairie,40,6,delivered cost,-747, 16 km ,,,,,,,,,,
prairie,40,9,delivered cost,-687, 16 km ,,,,,,,,,,
prairie,50,3,delivered cost,-781, 16 km ,,,,,,,,,,
prairie,50,6,delivered cost,-695, 16 km ,,,,,,,,,,
prairie,50,9,delivered cost,-609, 16 km ,,,,,,,,,,
prairie,60,3,delivered cost,-755, 16 km ,,,,,,,,,,
prairie,60,6,delivered cost,-643, 16 km ,,,,,,,,,,
prairie,60,9,delivered cost,-530, 16 km ,,,,,,,,,,
prairie,70,3,delivered cost,-729, 16 km ,,,,,,,,,,
prairie,70,6,delivered cost,-591, 16 km ,,,,,,,,,,
prairie,70,9,delivered cost,-452, 16 km ,,,,,,,,,,
prairie,80,3,delivered cost,-703, 16 km ,,,,,,,,,,
prairie,80,6,delivered cost,-538, 16 km ,,,,,,,,,,
prairie,80,9,delivered cost,-373, 16 km ,,,,,,,,,,
prairie,90,3,delivered cost,-677, 16 km ,,,,,,,,,,
prairie,90,6,delivered cost,-486, 16 km ,,,,,,,,,,
prairie,90,9,delivered cost,-295, 16 km ,,,,,,,,,,
prairie,100,3,delivered cost,-651, 16 km ,,,,,,,,,,
prairie,100,6,delivered cost,-434, 16 km ,,,,,,,,,,
prairie,100,9,delivered cost,-216, 16 km ,,,,,,,,,,
prairie,110,3,delivered cost,-625, 16 km ,,,,,,,,,,
prairie,110,6,delivered cost,-381, 16 km ,,,,,,,,,,
prairie,110,9,delivered cost,-138, 16 km ,,,,,,,,,,
prairie,120,3,delivered cost,-598, 16 km ,,,,,,,,,,
prairie,120,6,delivered cost,-329, 16 km ,,,,,,,,,,
prairie,120,9,delivered cost,-60, 16 km ,,,,,,,,,,
prairie,130,3,delivered cost,-572, 16 km ,,,,,,,,,,
prairie,130,6,delivered cost,-277, 16 km ,,,,,,,,,,
prairie,130,9,delivered cost,19, 16 km ,,,,,,,,,,
prairie,140,3,delivered cost,-546, 16 km ,,,,,,,,,,
prairie,140,6,delivered cost,-224, 16 km ,,,,,,,,,,
prairie,140,9,delivered cost,97, 16 km ,,,,,,,,,,
prairie,20,3,delivered cost,-873, 24 km ,,,,,,,,,,
prairie,20,6,delivered cost,-878, 24 km ,,,,,,,,,,
prairie,20,9,delivered cost,-883, 24 km ,,,,,,,,,,
prairie,30,3,delivered cost,-847, 24 km ,,,,,,,,,,
prairie,30,6,delivered cost,-826, 24 km ,,,,,,,,,,
prairie,30,9,delivered cost,-805, 24 km ,,,,,,,,,,
prairie,40,3,delivered cost,-821, 24 km ,,,,,,,,,,
prairie,40,6,delivered cost,-774, 24 km ,,,,,,,,,,
prairie,40,9,delivered cost,-727, 24 km ,,,,,,,,,,
prairie,50,3,delivered cost,-795, 24 km ,,,,,,,,,,
prairie,50,6,delivered cost,-721, 24 km ,,,,,,,,,,
prairie,50,9,delivered cost,-648, 24 km ,,,,,,,,,,
prairie,60,3,delivered cost,-768, 24 km ,,,,,,,,,,
prairie,60,6,delivered cost,-669, 24 km ,,,,,,,,,,
prairie,60,9,delivered cost,-570, 24 km ,,,,,,,,,,
prairie,70,3,delivered cost,-742, 24 km ,,,,,,,,,,
prairie,70,6,delivered cost,-617, 24 km ,,,,,,,,,,
prairie,70,9,delivered cost,-491, 24 km ,,,,,,,,,,
prairie,80,3,delivered cost,-716, 24 km ,,,,,,,,,,
prairie,80,6,delivered cost,-564, 24 km ,,,,,,,,,,
prairie,80,9,delivered cost,-413, 24 km ,,,,,,,,,,
prairie,90,3,delivered cost,-690, 24 km ,,,,,,,,,,
prairie,90,6,delivered cost,-512, 24 km ,,,,,,,,,,
prairie,90,9,delivered cost,-334, 24 km ,,,,,,,,,,
prairie,100,3,delivered cost,-664, 24 km ,,,,,,,,,,
prairie,100,6,delivered cost,-460, 24 km ,,,,,,,,,,
prairie,100,9,delivered cost,-256, 24 km ,,,,,,,,,,
prairie,110,3,delivered cost,-638, 24 km ,,,,,,,,,,
prairie,110,6,delivered cost,-407, 24 km ,,,,,,,,,,
prairie,110,9,delivered cost,-177, 24 km ,,,,,,,,,,
prairie,120,3,delivered cost,-611, 24 km ,,,,,,,,,,
prairie,120,6,delivered cost,-355, 24 km ,,,,,,,,,,
prairie,120,9,delivered cost,-99, 24 km ,,,,,,,,,,
prairie,130,3,delivered cost,-585, 24 km ,,,,,,,,,,
prairie,130,6,delivered cost,-303, 24 km ,,,,,,,,,,
prairie,130,9,delivered cost,-20, 24 km ,,,,,,,,,,
prairie,140,3,delivered cost,-559, 24 km ,,,,,,,,,,
prairie,140,6,delivered cost,-250, 24 km ,,,,,,,,,,
prairie,140,9,delivered cost,58, 24 km ,,,,,,,,,,
prairie,20,3,delivered cost,-917, 32 km ,,,,,,,,,,
prairie,20,6,delivered cost,-967, 32 km ,,,,,,,,,,
prairie,20,9,delivered cost,-1017, 32 km ,,,,,,,,,,
prairie,30,3,delivered cost,-891, 32 km ,,,,,,,,,,
prairie,30,6,delivered cost,-915, 32 km ,,,,,,,,,,
prairie,30,9,delivered cost,-938, 32 km ,,,,,,,,,,
prairie,40,3,delivered cost,-865, 32 km ,,,,,,,,,,
prairie,40,6,delivered cost,-863, 32 km ,,,,,,,,,,
prairie,40,9,delivered cost,-860, 32 km ,,,,,,,,,,
prairie,50,3,delivered cost,-839, 32 km ,,,,,,,,,,
prairie,50,6,delivered cost,-810, 32 km ,,,,,,,,,,
prairie,50,9,delivered cost,-781, 32 km ,,,,,,,,,,
prairie,60,3,delivered cost,-813, 32 km ,,,,,,,,,,
prairie,60,6,delivered cost,-758, 32 km ,,,,,,,,,,
prairie,60,9,delivered cost,-703, 32 km ,,,,,,,,,,
prairie,70,3,delivered cost,-787, 32 km ,,,,,,,,,,
prairie,70,6,delivered cost,-706, 32 km ,,,,,,,,,,
prairie,70,9,delivered cost,-625, 32 km ,,,,,,,,,,
prairie,80,3,delivered cost,-761, 32 km ,,,,,,,,,,
prairie,80,6,delivered cost,-653, 32 km ,,,,,,,,,,
prairie,80,9,delivered cost,-546, 32 km ,,,,,,,,,,
prairie,90,3,delivered cost,-734, 32 km ,,,,,,,,,,
prairie,90,6,delivered cost,-601, 32 km ,,,,,,,,,,
prairie,90,9,delivered cost,-468, 32 km ,,,,,,,,,,
prairie,100,3,delivered cost,-708, 32 km ,,,,,,,,,,
prairie,100,6,delivered cost,-549, 32 km ,,,,,,,,,,
prairie,100,9,delivered cost,-389, 32 km ,,,,,,,,,,
prairie,110,3,delivered cost,-682, 32 km ,,,,,,,,,,
prairie,110,6,delivered cost,-496, 32 km ,,,,,,,,,,
prairie,110,9,delivered cost,-311, 32 km ,,,,,,,,,,
prairie,120,3,delivered cost,-656, 32 km ,,,,,,,,,,
prairie,120,6,delivered cost,-444, 32 km ,,,,,,,,,,
prairie,120,9,delivered cost,-232, 32 km ,,,,,,,,,,
prairie,130,3,delivered cost,-630, 32 km ,,,,,,,,,,
prairie,130,6,delivered cost,-392, 32 km ,,,,,,,,,,
prairie,130,9,delivered cost,-154, 32 km ,,,,,,,,,,
prairie,140,3,delivered cost,-604, 32 km ,,,,,,,,,,
prairie,140,6,delivered cost,-339, 32 km ,,,,,,,,,,
prairie,140,9,delivered cost,-75, 32 km ,,,,,,,,,,
cereal rye,20,1,delivered cost,-287, 8 km ,,,,,,,,,,
cereal rye,20,3,delivered cost,-268, 8 km ,,,,,,,,,,
cereal rye,20,5,delivered cost,-249, 8 km ,,,,,,,,,,
cereal rye,30,1,delivered cost,-277, 8 km ,,,,,,,,,,
cereal rye,30,3,delivered cost,-236, 8 km ,,,,,,,,,,
cereal rye,30,5,delivered cost,-196, 8 km ,,,,,,,,,,
cereal rye,40,1,delivered cost,-266, 8 km ,,,,,,,,,,
cereal rye,40,3,delivered cost,-205, 8 km ,,,,,,,,,,
cereal rye,40,5,delivered cost,-143, 8 km ,,,,,,,,,,
cereal rye,50,1,delivered cost,-255, 8 km ,,,,,,,,,,
cereal rye,50,3,delivered cost,-173, 8 km ,,,,,,,,,,
cereal rye,50,5,delivered cost,-90, 8 km ,,,,,,,,,,
cereal rye,60,1,delivered cost,-245, 8 km ,,,,,,,,,,
cereal rye,60,3,delivered cost,-141, 8 km ,,,,,,,,,,
cereal rye,60,5,delivered cost,-37, 8 km ,,,,,,,,,,
cereal rye,70,1,delivered cost,-234, 8 km ,,,,,,,,,,
cereal rye,70,3,delivered cost,-109, 8 km ,,,,,,,,,,
cereal rye,70,5,delivered cost,16, 8 km ,,,,,,,,,,
cereal rye,80,1,delivered cost,-224, 8 km ,,,,,,,,,,
cereal rye,80,3,delivered cost,-77, 8 km ,,,,,,,,,,
cereal rye,80,5,delivered cost,69, 8 km ,,,,,,,,,,
cereal rye,90,1,delivered cost,-213, 8 km ,,,,,,,,,,
cereal rye,90,3,delivered cost,-46, 8 km ,,,,,,,,,,
cereal rye,90,5,delivered cost,122, 8 km ,,,,,,,,,,
cereal rye,100,1,delivered cost,-202, 8 km ,,,,,,,,,,
cereal rye,100,3,delivered cost,-14, 8 km ,,,,,,,,,,
cereal rye,100,5,delivered cost,175, 8 km ,,,,,,,,,,
cereal rye,110,1,delivered cost,-192, 8 km ,,,,,,,,,,
cereal rye,110,3,delivered cost,18, 8 km ,,,,,,,,,,
cereal rye,110,5,delivered cost,228, 8 km ,,,,,,,,,,
cereal rye,120,1,delivered cost,-181, 8 km ,,,,,,,,,,
cereal rye,120,3,delivered cost,50, 8 km ,,,,,,,,,,
cereal rye,120,5,delivered cost,281, 8 km ,,,,,,,,,,
cereal rye,130,1,delivered cost,-171, 8 km ,,,,,,,,,,
cereal rye,130,3,delivered cost,82, 8 km ,,,,,,,,,,
cereal rye,130,5,delivered cost,334, 8 km ,,,,,,,,,,
cereal rye,140,1,delivered cost,-160, 8 km ,,,,,,,,,,
cereal rye,140,3,delivered cost,113, 8 km ,,,,,,,,,,
cereal rye,140,5,delivered cost,387, 8 km ,,,,,,,,,,
cereal rye,20,1,delivered cost,-294, 16 km ,,,,,,,,,,
cereal rye,20,3,delivered cost,-287, 16 km ,,,,,,,,,,
cereal rye,20,5,delivered cost,-281, 16 km ,,,,,,,,,,
cereal rye,30,1,delivered cost,-283, 16 km ,,,,,,,,,,
cereal rye,30,3,delivered cost,-255, 16 km ,,,,,,,,,,
cereal rye,30,5,delivered cost,-228, 16 km ,,,,,,,,,,
cereal rye,40,1,delivered cost,-272, 16 km ,,,,,,,,,,
cereal rye,40,3,delivered cost,-224, 16 km ,,,,,,,,,,
cereal rye,40,5,delivered cost,-175, 16 km ,,,,,,,,,,
cereal rye,50,1,delivered cost,-262, 16 km ,,,,,,,,,,
cereal rye,50,3,delivered cost,-192, 16 km ,,,,,,,,,,
cereal rye,50,5,delivered cost,-122, 16 km ,,,,,,,,,,
cereal rye,60,1,delivered cost,-251, 16 km ,,,,,,,,,,
cereal rye,60,3,delivered cost,-160, 16 km ,,,,,,,,,,
cereal rye,60,5,delivered cost,-69, 16 km ,,,,,,,,,,
cereal rye,70,1,delivered cost,-241, 16 km ,,,,,,,,,,
cereal rye,70,3,delivered cost,-128, 16 km ,,,,,,,,,,
cereal rye,70,5,delivered cost,-16, 16 km ,,,,,,,,,,
cereal rye,80,1,delivered cost,-230, 16 km ,,,,,,,,,,
cereal rye,80,3,delivered cost,-96, 16 km ,,,,,,,,,,
cereal rye,80,5,delivered cost,37, 16 km ,,,,,,,,,,
cereal rye,90,1,delivered cost,-219, 16 km ,,,,,,,,,,
cereal rye,90,3,delivered cost,-65, 16 km ,,,,,,,,,,
cereal rye,90,5,delivered cost,90, 16 km ,,,,,,,,,,
cereal rye,100,1,delivered cost,-209, 16 km ,,,,,,,,,,
cereal rye,100,3,delivered cost,-33, 16 km ,,,,,,,,,,
cereal rye,100,5,delivered cost,143, 16 km ,,,,,,,,,,
cereal rye,110,1,delivered cost,-198, 16 km ,,,,,,,,,,
cereal rye,110,3,delivered cost,-1, 16 km ,,,,,,,,,,
cereal rye,110,5,delivered cost,196, 16 km ,,,,,,,,,,
cereal rye,120,1,delivered cost,-188, 16 km ,,,,,,,,,,
cereal rye,120,3,delivered cost,31, 16 km ,,,,,,,,,,
cereal rye,120,5,delivered cost,249, 16 km ,,,,,,,,,,
cereal rye,130,1,delivered cost,-177, 16 km ,,,,,,,,,,
cereal rye,130,3,delivered cost,63, 16 km ,,,,,,,,,,
cereal rye,130,5,delivered cost,302, 16 km ,,,,,,,,,,
cereal rye,140,1,delivered cost,-166, 16 km ,,,,,,,,,,
cereal rye,140,3,delivered cost,94, 16 km ,,,,,,,,,,
cereal rye,140,5,delivered cost,355, 16 km ,,,,,,,,,,
cereal rye,20,1,delivered cost,-299, 24 km ,,,,,,,,,,
cereal rye,20,3,delivered cost,-303, 24 km ,,,,,,,,,,
cereal rye,20,5,delivered cost,-307, 24 km ,,,,,,,,,,
cereal rye,30,1,delivered cost,-288, 24 km ,,,,,,,,,,
cereal rye,30,3,delivered cost,-271, 24 km ,,,,,,,,,,
cereal rye,30,5,delivered cost,-254, 24 km ,,,,,,,,,,
cereal rye,40,1,delivered cost,-278, 24 km ,,,,,,,,,,
cereal rye,40,3,delivered cost,-240, 24 km ,,,,,,,,,,
cereal rye,40,5,delivered cost,-201, 24 km ,,,,,,,,,,
cereal rye,50,1,delivered cost,-267, 24 km ,,,,,,,,,,
cereal rye,50,3,delivered cost,-208, 24 km ,,,,,,,,,,
cereal rye,50,5,delivered cost,-148, 24 km ,,,,,,,,,,
cereal rye,60,1,delivered cost,-257, 24 km ,,,,,,,,,,
cereal rye,60,3,delivered cost,-176, 24 km ,,,,,,,,,,
cereal rye,60,5,delivered cost,-95, 24 km ,,,,,,,,,,
cereal rye,70,1,delivered cost,-246, 24 km ,,,,,,,,,,
cereal rye,70,3,delivered cost,-144, 24 km ,,,,,,,,,,
cereal rye,70,5,delivered cost,-42, 24 km ,,,,,,,,,,
cereal rye,80,1,delivered cost,-235, 24 km ,,,,,,,,,,
cereal rye,80,3,delivered cost,-112, 24 km ,,,,,,,,,,
cereal rye,80,5,delivered cost,11, 24 km ,,,,,,,,,,
cereal rye,90,1,delivered cost,-225, 24 km ,,,,,,,,,,
cereal rye,90,3,delivered cost,-81, 24 km ,,,,,,,,,,
cereal rye,90,5,delivered cost,64, 24 km ,,,,,,,,,,
cereal rye,100,1,delivered cost,-214, 24 km ,,,,,,,,,,
cereal rye,100,3,delivered cost,-49, 24 km ,,,,,,,,,,
cereal rye,100,5,delivered cost,117, 24 km ,,,,,,,,,,
cereal rye,110,1,delivered cost,-204, 24 km ,,,,,,,,,,
cereal rye,110,3,delivered cost,-17, 24 km ,,,,,,,,,,
cereal rye,110,5,delivered cost,170, 24 km ,,,,,,,,,,
cereal rye,120,1,delivered cost,-193, 24 km ,,,,,,,,,,
cereal rye,120,3,delivered cost,15, 24 km ,,,,,,,,,,
cereal rye,120,5,delivered cost,223, 24 km ,,,,,,,,,,
cereal rye,130,1,delivered cost,-182, 24 km ,,,,,,,,,,
cereal rye,130,3,delivered cost,47, 24 km ,,,,,,,,,,
cereal rye,130,5,delivered cost,276, 24 km ,,,,,,,,,,
cereal rye,140,1,delivered cost,-172, 24 km ,,,,,,,,,,
cereal rye,140,3,delivered cost,78, 24 km ,,,,,,,,,,
cereal rye,140,5,delivered cost,329, 24 km ,,,,,,,,,,
cereal rye,20,1,delivered cost,-306, 32 km ,,,,,,,,,,
cereal rye,20,3,delivered cost,-325, 32 km ,,,,,,,,,,
cereal rye,20,5,delivered cost,-344, 32 km ,,,,,,,,,,
cereal rye,30,1,delivered cost,-296, 32 km ,,,,,,,,,,
cereal rye,30,3,delivered cost,-294, 32 km ,,,,,,,,,,
cereal rye,30,5,delivered cost,-291, 32 km ,,,,,,,,,,
cereal rye,40,1,delivered cost,-285, 32 km ,,,,,,,,,,
cereal rye,40,3,delivered cost,-262, 32 km ,,,,,,,,,,
cereal rye,40,5,delivered cost,-238, 32 km ,,,,,,,,,,
cereal rye,50,1,delivered cost,-275, 32 km ,,,,,,,,,,
cereal rye,50,3,delivered cost,-230, 32 km ,,,,,,,,,,
cereal rye,50,5,delivered cost,-185, 32 km ,,,,,,,,,,
cereal rye,60,1,delivered cost,-264, 32 km ,,,,,,,,,,
cereal rye,60,3,delivered cost,-198, 32 km ,,,,,,,,,,
cereal rye,60,5,delivered cost,-132, 32 km ,,,,,,,,,,
cereal rye,70,1,delivered cost,-253, 32 km ,,,,,,,,,,
cereal rye,70,3,delivered cost,-166, 32 km ,,,,,,,,,,
cereal rye,70,5,delivered cost,-79, 32 km ,,,,,,,,,,
cereal rye,80,1,delivered cost,-243, 32 km ,,,,,,,,,,
cereal rye,80,3,delivered cost,-135, 32 km ,,,,,,,,,,
cereal rye,80,5,delivered cost,-26, 32 km ,,,,,,,,,,
cereal rye,90,1,delivered cost,-232, 32 km ,,,,,,,,,,
cereal rye,90,3,delivered cost,-103, 32 km ,,,,,,,,,,
cereal rye,90,5,delivered cost,26, 32 km ,,,,,,,,,,
cereal rye,100,1,delivered cost,-222, 32 km ,,,,,,,,,,
cereal rye,100,3,delivered cost,-71, 32 km ,,,,,,,,,,
cereal rye,100,5,delivered cost,79, 32 km ,,,,,,,,,,
cereal rye,110,1,delivered cost,-211, 32 km ,,,,,,,,,,
cereal rye,110,3,delivered cost,-39, 32 km ,,,,,,,,,,
cereal rye,110,5,delivered cost,132, 32 km ,,,,,,,,,,
cereal rye,120,1,delivered cost,-200, 32 km ,,,,,,,,,,
cereal rye,120,3,delivered cost,-7, 32 km ,,,,,,,,,,
cereal rye,120,5,delivered cost,185, 32 km ,,,,,,,,,,
cereal rye,130,1,delivered cost,-190, 32 km ,,,,,,,,,,
cereal rye,130,3,delivered cost,24, 32 km ,,,,,,,,,,
cereal rye,130,5,delivered cost,238, 32 km ,,,,,,,,,,
cereal rye,140,1,delivered cost,-179, 32 km ,,,,,,,,,,
cereal rye,140,3,delivered cost,56, 32 km ,,,,,,,,,,
cereal rye,140,5,delivered cost,291, 32 km ,,,,,,,,,,
prairie,20,3,direct cost,-302.3915938, 8 km ,,,,,,,,,,
prairie,20,6,direct cost,-278.8523815, 8 km ,,,,,,,,,,
prairie,20,9,direct cost,-255.3131691, 8 km ,,,,,,,,,,
prairie,30,3,direct cost,-276.2369134, 8 km ,,,,,,,,,,
prairie,30,6,direct cost,-226.5430206, 8 km ,,,,,,,,,,
prairie,30,9,direct cost,-176.8491278, 8 km ,,,,,,,,,,
prairie,40,3,direct cost,-250.082233, 8 km ,,,,,,,,,,
prairie,40,6,direct cost,-174.2336597, 8 km ,,,,,,,,,,
prairie,40,9,direct cost,-98.38508651, 8 km ,,,,,,,,,,
prairie,50,3,direct cost,-223.9275526, 8 km ,,,,,,,,,,
prairie,50,6,direct cost,-121.9242989, 8 km ,,,,,,,,,,
prairie,50,9,direct cost,-19.92104522, 8 km ,,,,,,,,,,
prairie,60,3,direct cost,-197.7728721, 8 km ,,,,,,,,,,
prairie,60,6,direct cost,-69.61493804, 8 km ,,,,,,,,,,
prairie,60,9,direct cost,58.54299606, 8 km ,,,,,,,,,,
prairie,70,3,direct cost,-171.6181917, 8 km ,,,,,,,,,,
prairie,70,6,direct cost,-17.30557718, 8 km ,,,,,,,,,,
prairie,70,9,direct cost,137.0070373, 8 km ,,,,,,,,,,
prairie,80,3,direct cost,-145.4635113, 8 km ,,,,,,,,,,
prairie,80,6,direct cost,35.00378368, 8 km ,,,,,,,,,,
prairie,80,9,direct cost,215.4710786, 8 km ,,,,,,,,,,
prairie,90,3,direct cost,-119.3088308, 8 km ,,,,,,,,,,
prairie,90,6,direct cost,87.31314453, 8 km ,,,,,,,,,,
prairie,90,9,direct cost,293.9351199, 8 km ,,,,,,,,,,
prairie,100,3,direct cost,-93.15415042, 8 km ,,,,,,,,,,
prairie,100,6,direct cost,139.6225054, 8 km ,,,,,,,,,,
prairie,100,9,direct cost,372.3991612, 8 km ,,,,,,,,,,
prairie,110,3,direct cost,-66.99946999, 8 km ,,,,,,,,,,
prairie,110,6,direct cost,191.9318662, 8 km ,,,,,,,,,,
prairie,110,9,direct cost,450.8632025, 8 km ,,,,,,,,,,
prairie,120,3,direct cost,-40.84478957, 8 km ,,,,,,,,,,
prairie,120,6,direct cost,244.2412271, 8 km ,,,,,,,,,,
prairie,120,9,direct cost,529.3272438, 8 km ,,,,,,,,,,
prairie,130,3,direct cost,-14.69010914, 8 km ,,,,,,,,,,
prairie,130,6,direct cost,296.550588, 8 km ,,,,,,,,,,
prairie,130,9,direct cost,607.791285, 8 km ,,,,,,,,,,
prairie,140,3,direct cost,11.46457129, 8 km ,,,,,,,,,,
prairie,140,6,direct cost,348.8599488, 8 km ,,,,,,,,,,
prairie,140,9,direct cost,686.2553263, 8 km ,,,,,,,,,,
prairie,20,3,direct cost,-318.0844021, 16 km ,,,,,,,,,,
prairie,20,6,direct cost,-310.237998, 16 km ,,,,,,,,,,
prairie,20,9,direct cost,-302.3915938, 16 km ,,,,,,,,,,
prairie,30,3,direct cost,-291.9297217, 16 km ,,,,,,,,,,
prairie,30,6,direct cost,-257.9286371, 16 km ,,,,,,,,,,
prairie,30,9,direct cost,-223.9275526, 16 km ,,,,,,,,,,
prairie,40,3,direct cost,-265.7750412, 16 km ,,,,,,,,,,
prairie,40,6,direct cost,-205.6192763, 16 km ,,,,,,,,,,
prairie,40,9,direct cost,-145.4635113, 16 km ,,,,,,,,,,
prairie,50,3,direct cost,-239.6203608, 16 km ,,,,,,,,,,
prairie,50,6,direct cost,-153.3099154, 16 km ,,,,,,,,,,
prairie,50,9,direct cost,-66.99946999, 16 km ,,,,,,,,,,
prairie,60,3,direct cost,-213.4656804, 16 km ,,,,,,,,,,
prairie,60,6,direct cost,-101.0005545, 16 km ,,,,,,,,,,
prairie,60,9,direct cost,11.46457129, 16 km ,,,,,,,,,,
prairie,70,3,direct cost,-187.311, 16 km ,,,,,,,,,,
prairie,70,6,direct cost,-48.69119369, 16 km ,,,,,,,,,,
prairie,70,9,direct cost,89.92861257, 16 km ,,,,,,,,,,
prairie,80,3,direct cost,-161.1563195, 16 km ,,,,,,,,,,
prairie,80,6,direct cost,3.618167162, 16 km ,,,,,,,,,,
prairie,80,9,direct cost,168.3926539, 16 km ,,,,,,,,,,
prairie,90,3,direct cost,-135.0016391, 16 km ,,,,,,,,,,
prairie,90,6,direct cost,55.92752802, 16 km ,,,,,,,,,,
prairie,90,9,direct cost,246.8566951, 16 km ,,,,,,,,,,
prairie,100,3,direct cost,-108.8469587, 16 km ,,,,,,,,,,
prairie,100,6,direct cost,108.2368889, 16 km ,,,,,,,,,,
prairie,100,9,direct cost,325.3207364, 16 km ,,,,,,,,,,
prairie,110,3,direct cost,-82.69227825, 16 km ,,,,,,,,,,
prairie,110,6,direct cost,160.5462497, 16 km ,,,,,,,,,,
prairie,110,9,direct cost,403.7847777, 16 km ,,,,,,,,,,
prairie,120,3,direct cost,-56.53759782, 16 km ,,,,,,,,,,
prairie,120,6,direct cost,212.8556106, 16 km ,,,,,,,,,,
prairie,120,9,direct cost,482.248819, 16 km ,,,,,,,,,,
prairie,130,3,direct cost,-30.38291739, 16 km ,,,,,,,,,,
prairie,130,6,direct cost,265.1649714, 16 km ,,,,,,,,,,
prairie,130,9,direct cost,560.7128603, 16 km ,,,,,,,,,,
prairie,140,3,direct cost,-4.228236967, 16 km ,,,,,,,,,,
prairie,140,6,direct cost,317.4743323, 16 km ,,,,,,,,,,
prairie,140,9,direct cost,639.1769016, 16 km ,,,,,,,,,,
prairie,20,3,direct cost,-331.1617423, 24 km ,,,,,,,,,,
prairie,20,6,direct cost,-336.3926784, 24 km ,,,,,,,,,,
prairie,20,9,direct cost,-341.6236145, 24 km ,,,,,,,,,,
prairie,30,3,direct cost,-305.0070619, 24 km ,,,,,,,,,,
prairie,30,6,direct cost,-284.0833175, 24 km ,,,,,,,,,,
prairie,30,9,direct cost,-263.1595732, 24 km ,,,,,,,,,,
prairie,40,3,direct cost,-278.8523815, 24 km ,,,,,,,,,,
prairie,40,6,direct cost,-231.7739567, 24 km ,,,,,,,,,,
prairie,40,9,direct cost,-184.6955319, 24 km ,,,,,,,,,,
prairie,50,3,direct cost,-252.697701, 24 km ,,,,,,,,,,
prairie,50,6,direct cost,-179.4645958, 24 km ,,,,,,,,,,
prairie,50,9,direct cost,-106.2314906, 24 km ,,,,,,,,,,
prairie,60,3,direct cost,-226.5430206, 24 km ,,,,,,,,,,
prairie,60,6,direct cost,-127.155235, 24 km ,,,,,,,,,,
prairie,60,9,direct cost,-27.76744935, 24 km ,,,,,,,,,,
prairie,70,3,direct cost,-200.3883402, 24 km ,,,,,,,,,,
prairie,70,6,direct cost,-74.84587412, 24 km ,,,,,,,,,,
prairie,70,9,direct cost,50.69659193, 24 km ,,,,,,,,,,
prairie,80,3,direct cost,-174.2336597, 24 km ,,,,,,,,,,
prairie,80,6,direct cost,-22.53651327, 24 km ,,,,,,,,,,
prairie,80,9,direct cost,129.1606332, 24 km ,,,,,,,,,,
prairie,90,3,direct cost,-148.0789793, 24 km ,,,,,,,,,,
prairie,90,6,direct cost,29.77284759, 24 km ,,,,,,,,,,
prairie,90,9,direct cost,207.6246745, 24 km ,,,,,,,,,,
prairie,100,3,direct cost,-121.9242989, 24 km ,,,,,,,,,,
prairie,100,6,direct cost,82.08220844, 24 km ,,,,,,,,,,
prairie,100,9,direct cost,286.0887158, 24 km ,,,,,,,,,,
prairie,110,3,direct cost,-95.76961846, 24 km ,,,,,,,,,,
prairie,110,6,direct cost,134.3915693, 24 km ,,,,,,,,,,
prairie,110,9,direct cost,364.5527571, 24 km ,,,,,,,,,,
prairie,120,3,direct cost,-69.61493804, 24 km ,,,,,,,,,,
prairie,120,6,direct cost,186.7009302, 24 km ,,,,,,,,,,
prairie,120,9,direct cost,443.0167983, 24 km ,,,,,,,,,,
prairie,130,3,direct cost,-43.46025761, 24 km ,,,,,,,,,,
prairie,130,6,direct cost,239.010291, 24 km ,,,,,,,,,,
prairie,130,9,direct cost,521.4808396, 24 km ,,,,,,,,,,
prairie,140,3,direct cost,-17.30557718, 24 km ,,,,,,,,,,
prairie,140,6,direct cost,291.3196519, 24 km ,,,,,,,,,,
prairie,140,9,direct cost,599.9448809, 24 km ,,,,,,,,,,
prairie,20,3,direct cost,-375.624699, 32 km ,,,,,,,,,,
prairie,20,6,direct cost,-425.3185919, 32 km ,,,,,,,,,,
prairie,20,9,direct cost,-475.0124847, 32 km ,,,,,,,,,,
prairie,30,3,direct cost,-349.4700186, 32 km ,,,,,,,,,,
prairie,30,6,direct cost,-373.009231, 32 km ,,,,,,,,,,
prairie,30,9,direct cost,-396.5484434, 32 km ,,,,,,,,,,
prairie,40,3,direct cost,-323.3153382, 32 km ,,,,,,,,,,
prairie,40,6,direct cost,-320.6998701, 32 km ,,,,,,,,,,
prairie,40,9,direct cost,-318.0844021, 32 km ,,,,,,,,,,
prairie,50,3,direct cost,-297.1606578, 32 km ,,,,,,,,,,
prairie,50,6,direct cost,-268.3905093, 32 km ,,,,,,,,,,
prairie,50,9,direct cost,-239.6203608, 32 km ,,,,,,,,,,
prairie,60,3,direct cost,-271.0059773, 32 km ,,,,,,,,,,
prairie,60,6,direct cost,-216.0811484, 32 km ,,,,,,,,,,
prairie,60,9,direct cost,-161.1563195, 32 km ,,,,,,,,,,
prairie,70,3,direct cost,-244.8512969, 32 km ,,,,,,,,,,
prairie,70,6,direct cost,-163.7717876, 32 km ,,,,,,,,,,
prairie,70,9,direct cost,-82.69227825, 32 km ,,,,,,,,,,
prairie,80,3,direct cost,-218.6966165, 32 km ,,,,,,,,,,
prairie,80,6,direct cost,-111.4624267, 32 km ,,,,,,,,,,
prairie,80,9,direct cost,-4.228236967, 32 km ,,,,,,,,,,
prairie,90,3,direct cost,-192.541936, 32 km ,,,,,,,,,,
prairie,90,6,direct cost,-59.15306586, 32 km ,,,,,,,,,,
prairie,90,9,direct cost,74.23580432, 32 km ,,,,,,,,,,
prairie,100,3,direct cost,-166.3872556, 32 km ,,,,,,,,,,
prairie,100,6,direct cost,-6.843705009, 32 km ,,,,,,,,,,
prairie,100,9,direct cost,152.6998456, 32 km ,,,,,,,,,,
prairie,110,3,direct cost,-140.2325752, 32 km ,,,,,,,,,,
prairie,110,6,direct cost,45.46565585, 32 km ,,,,,,,,,,
prairie,110,9,direct cost,231.1638869, 32 km ,,,,,,,,,,
prairie,120,3,direct cost,-114.0778948, 32 km ,,,,,,,,,,
prairie,120,6,direct cost,97.7750167, 32 km ,,,,,,,,,,
prairie,120,9,direct cost,309.6279282, 32 km ,,,,,,,,,,
prairie,130,3,direct cost,-87.92321434, 32 km ,,,,,,,,,,
prairie,130,6,direct cost,150.0843776, 32 km ,,,,,,,,,,
prairie,130,9,direct cost,388.0919694, 32 km ,,,,,,,,,,
prairie,140,3,direct cost,-61.76853391, 32 km ,,,,,,,,,,
prairie,140,6,direct cost,202.3937384, 32 km ,,,,,,,,,,
prairie,140,9,direct cost,466.5560107, 32 km ,,,,,,,,,,
