transport,biomass,costs,discount,price,yield,npv,
Farmgate,cereal rye,direct cost,0.06,20,0.4,-288.32,
Farmgate,cereal rye,direct cost,0.06,20,1.766666667,-259.3466667,
Farmgate,cereal rye,direct cost,0.06,20,3.133333333,-230.3733333,
Farmgate,cereal rye,direct cost,0.06,20,4.5,-201.4,
Farmgate,cereal rye,direct cost,0.06,30,0.4,-284.08,
Farmgate,cereal rye,direct cost,0.06,30,1.766666667,-240.62,
Farmgate,cereal rye,direct cost,0.06,30,3.133333333,-197.16,
Farmgate,cereal rye,direct cost,0.06,30,4.5,-153.7,
Farmgate,cereal rye,direct cost,0.06,40,0.4,-279.84,
Farmgate,cereal rye,direct cost,0.06,40,1.766666667,-221.8933333,
Farmgate,cereal rye,direct cost,0.06,40,3.133333333,-163.9466667,
Farmgate,cereal rye,direct cost,0.06,40,4.5,-106,
Farmgate,cereal rye,direct cost,0.06,50,0.4,-275.6,
Farmgate,cereal rye,direct cost,0.06,50,1.766666667,-203.1666667,
Farmgate,cereal rye,direct cost,0.06,50,3.133333333,-130.7333333,
Farmgate,cereal rye,direct cost,0.06,50,4.5,-58.3,
Farmgate,cereal rye,direct cost,0.06,60,0.4,-271.36,
Farmgate,cereal rye,direct cost,0.06,60,1.766666667,-184.44,
Farmgate,cereal rye,direct cost,0.06,60,3.133333333,-97.52,
Farmgate,cereal rye,direct cost,0.06,60,4.5,-10.6,
Farmgate,cereal rye,direct cost,0.06,70,0.4,-267.12,
Farmgate,cereal rye,direct cost,0.06,70,1.766666667,-165.7133333,
Farmgate,cereal rye,direct cost,0.06,70,3.133333333,-64.30666667,
Farmgate,cereal rye,direct cost,0.06,70,4.5,37.1,
Farmgate,cereal rye,direct cost,0.06,80,0.4,-262.88,
Farmgate,cereal rye,direct cost,0.06,80,1.766666667,-146.9866667,
Farmgate,cereal rye,direct cost,0.06,80,3.133333333,-31.09333333,
Farmgate,cereal rye,direct cost,0.06,80,4.5,84.8,
Farmgate,cereal rye,direct cost,0.06,90,0.4,-258.64,
Farmgate,cereal rye,direct cost,0.06,90,1.766666667,-128.26,
Farmgate,cereal rye,direct cost,0.06,90,3.133333333,2.12,
Farmgate,cereal rye,direct cost,0.06,90,4.5,132.5,
Farmgate,cereal rye,direct cost,0.06,100,0.4,-254.4,
Farmgate,cereal rye,direct cost,0.06,100,1.766666667,-109.5333333,
Farmgate,cereal rye,direct cost,0.06,100,3.133333333,35.33333333,
Farmgate,cereal rye,direct cost,0.06,100,4.5,180.2,
Farmgate,cereal rye,direct cost,0.06,110,0.4,-250.16,
Farmgate,cereal rye,direct cost,0.06,110,1.766666667,-90.80666667,
Farmgate,cereal rye,direct cost,0.06,110,3.133333333,68.54666667,
Farmgate,cereal rye,direct cost,0.06,110,4.5,227.9,
Farmgate,cereal rye,direct cost,0.06,120,0.4,-245.92,
Farmgate,cereal rye,direct cost,0.06,120,1.766666667,-72.08,
Farmgate,cereal rye,direct cost,0.06,120,3.133333333,101.76,
Farmgate,cereal rye,direct cost,0.06,120,4.5,275.6,
Farmgate,cereal rye,direct cost,0.06,130,0.4,-241.68,
Farmgate,cereal rye,direct cost,0.06,130,1.766666667,-53.35333333,
Farmgate,cereal rye,direct cost,0.06,130,3.133333333,134.9733333,
Farmgate,cereal rye,direct cost,0.06,130,4.5,323.3,
Farmgate,cereal rye,direct cost,0.06,140,0.4,-237.44,
Farmgate,cereal rye,direct cost,0.06,140,1.766666667,-34.62666667,
Farmgate,cereal rye,direct cost,0.06,140,3.133333333,168.1866667,
Farmgate,cereal rye,direct cost,0.06,140,4.5,371,
8 km,cereal rye,delivered cost,0.06,20,0.4,-292.984,
8 km,cereal rye,delivered cost,0.06,20,1.766666667,-279.946,
8 km,cereal rye,delivered cost,0.06,20,3.133333333,-266.908,
8 km,cereal rye,delivered cost,0.06,20,4.5,-253.87,
8 km,cereal rye,delivered cost,0.06,30,0.4,-288.744,
8 km,cereal rye,delivered cost,0.06,30,1.766666667,-261.2193333,
8 km,cereal rye,delivered cost,0.06,30,3.133333333,-233.6946667,
8 km,cereal rye,delivered cost,0.06,30,4.5,-206.17,
8 km,cereal rye,delivered cost,0.06,40,0.4,-284.504,
8 km,cereal rye,delivered cost,0.06,40,1.766666667,-242.4926667,
8 km,cereal rye,delivered cost,0.06,40,3.133333333,-200.4813333,
8 km,cereal rye,delivered cost,0.06,40,4.5,-158.47,
8 km,cereal rye,delivered cost,0.06,50,0.4,-280.264,
8 km,cereal rye,delivered cost,0.06,50,1.766666667,-223.766,
8 km,cereal rye,delivered cost,0.06,50,3.133333333,-167.268,
8 km,cereal rye,delivered cost,0.06,50,4.5,-110.77,
8 km,cereal rye,delivered cost,0.06,60,0.4,-276.024,
8 km,cereal rye,delivered cost,0.06,60,1.766666667,-205.0393333,
8 km,cereal rye,delivered cost,0.06,60,3.133333333,-134.0546667,
8 km,cereal rye,delivered cost,0.06,60,4.5,-63.07,
8 km,cereal rye,delivered cost,0.06,70,0.4,-271.784,
8 km,cereal rye,delivered cost,0.06,70,1.766666667,-186.3126667,
8 km,cereal rye,delivered cost,0.06,70,3.133333333,-100.8413333,
8 km,cereal rye,delivered cost,0.06,70,4.5,-15.37,
8 km,cereal rye,delivered cost,0.06,80,0.4,-267.544,
8 km,cereal rye,delivered cost,0.06,80,1.766666667,-167.586,
8 km,cereal rye,delivered cost,0.06,80,3.133333333,-67.628,
8 km,cereal rye,delivered cost,0.06,80,4.5,32.33,
8 km,cereal rye,delivered cost,0.06,90,0.4,-263.304,
8 km,cereal rye,delivered cost,0.06,90,1.766666667,-148.8593333,
8 km,cereal rye,delivered cost,0.06,90,3.133333333,-34.41466667,
8 km,cereal rye,delivered cost,0.06,90,4.5,80.03,
8 km,cereal rye,delivered cost,0.06,100,0.4,-259.064,
8 km,cereal rye,delivered cost,0.06,100,1.766666667,-130.1326667,
8 km,cereal rye,delivered cost,0.06,100,3.133333333,-1.201333333,
8 km,cereal rye,delivered cost,0.06,100,4.5,127.73,
8 km,cereal rye,delivered cost,0.06,110,0.4,-254.824,
8 km,cereal rye,delivered cost,0.06,110,1.766666667,-111.406,
8 km,cereal rye,delivered cost,0.06,110,3.133333333,32.012,
8 km,cereal rye,delivered cost,0.06,110,4.5,175.43,
8 km,cereal rye,delivered cost,0.06,120,0.4,-250.584,
8 km,cereal rye,delivered cost,0.06,120,1.766666667,-92.67933333,
8 km,cereal rye,delivered cost,0.06,120,3.133333333,65.22533333,
8 km,cereal rye,delivered cost,0.06,120,4.5,223.13,
8 km,cereal rye,delivered cost,0.06,130,0.4,-246.344,
8 km,cereal rye,delivered cost,0.06,130,1.766666667,-73.95266667,
8 km,cereal rye,delivered cost,0.06,130,3.133333333,98.43866667,
8 km,cereal rye,delivered cost,0.06,130,4.5,270.83,
8 km,cereal rye,delivered cost,0.06,140,0.4,-242.104,
8 km,cereal rye,delivered cost,0.06,140,1.766666667,-55.226,
8 km,cereal rye,delivered cost,0.06,140,3.133333333,131.652,
8 km,cereal rye,delivered cost,0.06,140,4.5,318.53,
16 km,cereal rye,delivered cost,0.06,20,0.4,-295.528,
16 km,cereal rye,delivered cost,0.06,20,1.766666667,-291.182,
16 km,cereal rye,delivered cost,0.06,20,3.133333333,-286.836,
16 km,cereal rye,delivered cost,0.06,20,4.5,-282.49,
16 km,cereal rye,delivered cost,0.06,30,0.4,-291.288,
16 km,cereal rye,delivered cost,0.06,30,1.766666667,-272.4553333,
16 km,cereal rye,delivered cost,0.06,30,3.133333333,-253.6226667,
16 km,cereal rye,delivered cost,0.06,30,4.5,-234.79,
16 km,cereal rye,delivered cost,0.06,40,0.4,-287.048,
16 km,cereal rye,delivered cost,0.06,40,1.766666667,-253.7286667,
16 km,cereal rye,delivered cost,0.06,40,3.133333333,-220.4093333,
16 km,cereal rye,delivered cost,0.06,40,4.5,-187.09,
16 km,cereal rye,delivered cost,0.06,50,0.4,-282.808,
16 km,cereal rye,delivered cost,0.06,50,1.766666667,-235.002,
16 km,cereal rye,delivered cost,0.06,50,3.133333333,-187.196,
16 km,cereal rye,delivered cost,0.06,50,4.5,-139.39,
16 km,cereal rye,delivered cost,0.06,60,0.4,-278.568,
16 km,cereal rye,delivered cost,0.06,60,1.766666667,-216.2753333,
16 km,cereal rye,delivered cost,0.06,60,3.133333333,-153.9826667,
16 km,cereal rye,delivered cost,0.06,60,4.5,-91.69,
16 km,cereal rye,delivered cost,0.06,70,0.4,-274.328,
16 km,cereal rye,delivered cost,0.06,70,1.766666667,-197.5486667,
16 km,cereal rye,delivered cost,0.06,70,3.133333333,-120.7693333,
16 km,cereal rye,delivered cost,0.06,70,4.5,-43.99,
16 km,cereal rye,delivered cost,0.06,80,0.4,-270.088,
16 km,cereal rye,delivered cost,0.06,80,1.766666667,-178.822,
16 km,cereal rye,delivered cost,0.06,80,3.133333333,-87.556,
16 km,cereal rye,delivered cost,0.06,80,4.5,3.71,
16 km,cereal rye,delivered cost,0.06,90,0.4,-265.848,
16 km,cereal rye,delivered cost,0.06,90,1.766666667,-160.0953333,
16 km,cereal rye,delivered cost,0.06,90,3.133333333,-54.34266667,
16 km,cereal rye,delivered cost,0.06,90,4.5,51.41,
16 km,cereal rye,delivered cost,0.06,100,0.4,-261.608,
16 km,cereal rye,delivered cost,0.06,100,1.766666667,-141.3686667,
16 km,cereal rye,delivered cost,0.06,100,3.133333333,-21.12933333,
16 km,cereal rye,delivered cost,0.06,100,4.5,99.11,
16 km,cereal rye,delivered cost,0.06,110,0.4,-257.368,
16 km,cereal rye,delivered cost,0.06,110,1.766666667,-122.642,
16 km,cereal rye,delivered cost,0.06,110,3.133333333,12.084,
16 km,cereal rye,delivered cost,0.06,110,4.5,146.81,
16 km,cereal rye,delivered cost,0.06,120,0.4,-253.128,
16 km,cereal rye,delivered cost,0.06,120,1.766666667,-103.9153333,
16 km,cereal rye,delivered cost,0.06,120,3.133333333,45.29733333,
16 km,cereal rye,delivered cost,0.06,120,4.5,194.51,
16 km,cereal rye,delivered cost,0.06,130,0.4,-248.888,
16 km,cereal rye,delivered cost,0.06,130,1.766666667,-85.18866667,
16 km,cereal rye,delivered cost,0.06,130,3.133333333,78.51066667,
16 km,cereal rye,delivered cost,0.06,130,4.5,242.21,
16 km,cereal rye,delivered cost,0.06,140,0.4,-244.648,
16 km,cereal rye,delivered cost,0.06,140,1.766666667,-66.462,
16 km,cereal rye,delivered cost,0.06,140,3.133333333,111.724,
16 km,cereal rye,delivered cost,0.06,140,4.5,289.91,
24 km,cereal rye,delivered cost,0.06,20,0.4,-297.648,
24 km,cereal rye,delivered cost,0.06,20,1.766666667,-300.5453333,
24 km,cereal rye,delivered cost,0.06,20,3.133333333,-303.4426667,
24 km,cereal rye,delivered cost,0.06,20,4.5,-306.34,
24 km,cereal rye,delivered cost,0.06,30,0.4,-293.408,
24 km,cereal rye,delivered cost,0.06,30,1.766666667,-281.8186667,
24 km,cereal rye,delivered cost,0.06,30,3.133333333,-270.2293333,
24 km,cereal rye,delivered cost,0.06,30,4.5,-258.64,
24 km,cereal rye,delivered cost,0.06,40,0.4,-289.168,
24 km,cereal rye,delivered cost,0.06,40,1.766666667,-263.092,
24 km,cereal rye,delivered cost,0.06,40,3.133333333,-237.016,
24 km,cereal rye,delivered cost,0.06,40,4.5,-210.94,
24 km,cereal rye,delivered cost,0.06,50,0.4,-284.928,
24 km,cereal rye,delivered cost,0.06,50,1.766666667,-244.3653333,
24 km,cereal rye,delivered cost,0.06,50,3.133333333,-203.8026667,
24 km,cereal rye,delivered cost,0.06,50,4.5,-163.24,
24 km,cereal rye,delivered cost,0.06,60,0.4,-280.688,
24 km,cereal rye,delivered cost,0.06,60,1.766666667,-225.6386667,
24 km,cereal rye,delivered cost,0.06,60,3.133333333,-170.5893333,
24 km,cereal rye,delivered cost,0.06,60,4.5,-115.54,
24 km,cereal rye,delivered cost,0.06,70,0.4,-276.448,
24 km,cereal rye,delivered cost,0.06,70,1.766666667,-206.912,
24 km,cereal rye,delivered cost,0.06,70,3.133333333,-137.376,
24 km,cereal rye,delivered cost,0.06,70,4.5,-67.84,
24 km,cereal rye,delivered cost,0.06,80,0.4,-272.208,
24 km,cereal rye,delivered cost,0.06,80,1.766666667,-188.1853333,
24 km,cereal rye,delivered cost,0.06,80,3.133333333,-104.1626667,
24 km,cereal rye,delivered cost,0.06,80,4.5,-20.14,
24 km,cereal rye,delivered cost,0.06,90,0.4,-267.968,
24 km,cereal rye,delivered cost,0.06,90,1.766666667,-169.4586667,
24 km,cereal rye,delivered cost,0.06,90,3.133333333,-70.94933333,
24 km,cereal rye,delivered cost,0.06,90,4.5,27.56,
24 km,cereal rye,delivered cost,0.06,100,0.4,-263.728,
24 km,cereal rye,delivered cost,0.06,100,1.766666667,-150.732,
24 km,cereal rye,delivered cost,0.06,100,3.133333333,-37.736,
24 km,cereal rye,delivered cost,0.06,100,4.5,75.26,
24 km,cereal rye,delivered cost,0.06,110,0.4,-259.488,
24 km,cereal rye,delivered cost,0.06,110,1.766666667,-132.0053333,
24 km,cereal rye,delivered cost,0.06,110,3.133333333,-4.522666667,
24 km,cereal rye,delivered cost,0.06,110,4.5,122.96,
24 km,cereal rye,delivered cost,0.06,120,0.4,-255.248,
24 km,cereal rye,delivered cost,0.06,120,1.766666667,-113.2786667,
24 km,cereal rye,delivered cost,0.06,120,3.133333333,28.69066667,
24 km,cereal rye,delivered cost,0.06,120,4.5,170.66,
24 km,cereal rye,delivered cost,0.06,130,0.4,-251.008,
24 km,cereal rye,delivered cost,0.06,130,1.766666667,-94.552,
24 km,cereal rye,delivered cost,0.06,130,3.133333333,61.904,
24 km,cereal rye,delivered cost,0.06,130,4.5,218.36,
24 km,cereal rye,delivered cost,0.06,140,0.4,-246.768,
24 km,cereal rye,delivered cost,0.06,140,1.766666667,-75.82533333,
24 km,cereal rye,delivered cost,0.06,140,3.133333333,95.11733333,
24 km,cereal rye,delivered cost,0.06,140,4.5,266.06,
32 km,cereal rye,delivered cost,0.06,20,0.4,-300.616,
32 km,cereal rye,delivered cost,0.06,20,1.766666667,-313.654,
32 km,cereal rye,delivered cost,0.06,20,3.133333333,-326.692,
32 km,cereal rye,delivered cost,0.06,20,4.5,-339.73,
32 km,cereal rye,delivered cost,0.06,30,0.4,-296.376,
32 km,cereal rye,delivered cost,0.06,30,1.766666667,-294.9273333,
32 km,cereal rye,delivered cost,0.06,30,3.133333333,-293.4786667,
32 km,cereal rye,delivered cost,0.06,30,4.5,-292.03,
32 km,cereal rye,delivered cost,0.06,40,0.4,-292.136,
32 km,cereal rye,delivered cost,0.06,40,1.766666667,-276.2006667,
32 km,cereal rye,delivered cost,0.06,40,3.133333333,-260.2653333,
32 km,cereal rye,delivered cost,0.06,40,4.5,-244.33,
32 km,cereal rye,delivered cost,0.06,50,0.4,-287.896,
32 km,cereal rye,delivered cost,0.06,50,1.766666667,-257.474,
32 km,cereal rye,delivered cost,0.06,50,3.133333333,-227.052,
32 km,cereal rye,delivered cost,0.06,50,4.5,-196.63,
32 km,cereal rye,delivered cost,0.06,60,0.4,-283.656,
32 km,cereal rye,delivered cost,0.06,60,1.766666667,-238.7473333,
32 km,cereal rye,delivered cost,0.06,60,3.133333333,-193.8386667,
32 km,cereal rye,delivered cost,0.06,60,4.5,-148.93,
32 km,cereal rye,delivered cost,0.06,70,0.4,-279.416,
32 km,cereal rye,delivered cost,0.06,70,1.766666667,-220.0206667,
32 km,cereal rye,delivered cost,0.06,70,3.133333333,-160.6253333,
32 km,cereal rye,delivered cost,0.06,70,4.5,-101.23,
32 km,cereal rye,delivered cost,0.06,80,0.4,-275.176,
32 km,cereal rye,delivered cost,0.06,80,1.766666667,-201.294,
32 km,cereal rye,delivered cost,0.06,80,3.133333333,-127.412,
32 km,cereal rye,delivered cost,0.06,80,4.5,-53.53,
32 km,cereal rye,delivered cost,0.06,90,0.4,-270.936,
32 km,cereal rye,delivered cost,0.06,90,1.766666667,-182.5673333,
32 km,cereal rye,delivered cost,0.06,90,3.133333333,-94.19866667,
32 km,cereal rye,delivered cost,0.06,90,4.5,-5.83,
32 km,cereal rye,delivered cost,0.06,100,0.4,-266.696,
32 km,cereal rye,delivered cost,0.06,100,1.766666667,-163.8406667,
32 km,cereal rye,delivered cost,0.06,100,3.133333333,-60.98533333,
32 km,cereal rye,delivered cost,0.06,100,4.5,41.87,
32 km,cereal rye,delivered cost,0.06,110,0.4,-262.456,
32 km,cereal rye,delivered cost,0.06,110,1.766666667,-145.114,
32 km,cereal rye,delivered cost,0.06,110,3.133333333,-27.772,
32 km,cereal rye,delivered cost,0.06,110,4.5,89.57,
32 km,cereal rye,delivered cost,0.06,120,0.4,-258.216,
32 km,cereal rye,delivered cost,0.06,120,1.766666667,-126.3873333,
32 km,cereal rye,delivered cost,0.06,120,3.133333333,5.441333333,
32 km,cereal rye,delivered cost,0.06,120,4.5,137.27,
32 km,cereal rye,delivered cost,0.06,130,0.4,-253.976,
32 km,cereal rye,delivered cost,0.06,130,1.766666667,-107.6606667,
32 km,cereal rye,delivered cost,0.06,130,3.133333333,38.65466667,
32 km,cereal rye,delivered cost,0.06,130,4.5,184.97,
32 km,cereal rye,delivered cost,0.06,140,0.4,-249.736,
32 km,cereal rye,delivered cost,0.06,140,1.766666667,-88.934,
32 km,cereal rye,delivered cost,0.06,140,3.133333333,71.868,
32 km,cereal rye,delivered cost,0.06,140,4.5,232.67,
Farmgate,prairie,total cost,0.06,20,1.89,-834.784925,-834.784925
Farmgate,prairie,total cost,0.06,20,3.393333333,-808.572123,-808.572123
Farmgate,prairie,total cost,0.06,20,4.896666667,-782.3593211,-782.3593211
Farmgate,prairie,total cost,0.06,20,6.4,-756.1465191,-756.1465191
Farmgate,prairie,total cost,0.06,30,1.89,-818.3074763,-818.3074763
Farmgate,prairie,total cost,0.06,30,3.393333333,-778.9882734,-778.9882734
Farmgate,prairie,total cost,0.06,30,4.896666667,-739.6690705,-739.6690705
Farmgate,prairie,total cost,0.06,30,6.4,-700.3498676,-700.3498676
Farmgate,prairie,total cost,0.06,40,1.89,-801.8300276,-801.8300276
Farmgate,prairie,total cost,0.06,40,3.393333333,-749.4044237,-749.4044237
Farmgate,prairie,total cost,0.06,40,4.896666667,-696.9788199,-696.9788199
Farmgate,prairie,total cost,0.06,40,6.4,-644.553216,-644.553216
Farmgate,prairie,total cost,0.06,50,1.89,-785.352579,-785.352579
Farmgate,prairie,total cost,0.06,50,3.393333333,-719.8205741,-719.8205741
Farmgate,prairie,total cost,0.06,50,4.896666667,-654.2885693,-654.2885693
Farmgate,prairie,total cost,0.06,50,6.4,-588.7565644,-588.7565644
Farmgate,prairie,total cost,0.06,60,1.89,-768.8751303,-768.8751303
Farmgate,prairie,total cost,0.06,60,3.393333333,-690.2367245,-690.2367245
Farmgate,prairie,total cost,0.06,60,4.896666667,-611.5983186,-611.5983186
Farmgate,prairie,total cost,0.06,60,6.4,-532.9599128,-532.9599128
Farmgate,prairie,total cost,0.06,70,1.89,-752.3976816,-752.3976816
Farmgate,prairie,total cost,0.06,70,3.393333333,-660.6528748,-660.6528748
Farmgate,prairie,total cost,0.06,70,4.896666667,-568.908068,-568.908068
Farmgate,prairie,total cost,0.06,70,6.4,-477.1632612,-477.1632612
Farmgate,prairie,total cost,0.06,80,1.89,-735.9202329,-735.9202329
Farmgate,prairie,total cost,0.06,80,3.393333333,-631.0690252,-631.0690252
Farmgate,prairie,total cost,0.06,80,4.896666667,-526.2178174,-526.2178174
Farmgate,prairie,total cost,0.06,80,6.4,-421.3666097,-421.3666097
Farmgate,prairie,total cost,0.06,90,1.89,-719.4427843,-719.4427843
Farmgate,prairie,total cost,0.06,90,3.393333333,-601.4851755,-601.4851755
Farmgate,prairie,total cost,0.06,90,4.896666667,-483.5275668,-483.5275668
Farmgate,prairie,total cost,0.06,90,6.4,-365.5699581,-365.5699581
Farmgate,prairie,total cost,0.06,100,1.89,-702.9653356,-702.9653356
Farmgate,prairie,total cost,0.06,100,3.393333333,-571.9013259,-571.9013259
Farmgate,prairie,total cost,0.06,100,4.896666667,-440.8373162,-440.8373162
Farmgate,prairie,total cost,0.06,100,6.4,-309.7733065,-309.7733065
Farmgate,prairie,total cost,0.06,110,1.89,-686.4878869,-686.4878869
Farmgate,prairie,total cost,0.06,110,3.393333333,-542.3174763,-542.3174763
Farmgate,prairie,total cost,0.06,110,4.896666667,-398.1470656,-398.1470656
Farmgate,prairie,total cost,0.06,110,6.4,-253.9766549,-253.9766549
Farmgate,prairie,total cost,0.06,120,1.89,-670.0104383,-670.0104383
Farmgate,prairie,total cost,0.06,120,3.393333333,-512.7336266,-512.7336266
Farmgate,prairie,total cost,0.06,120,4.896666667,-355.456815,-355.456815
Farmgate,prairie,total cost,0.06,120,6.4,-198.1800033,-198.1800033
Farmgate,prairie,total cost,0.06,130,1.89,-653.5329896,-653.5329896
Farmgate,prairie,total cost,0.06,130,3.393333333,-483.149777,-483.149777
Farmgate,prairie,total cost,0.06,130,4.896666667,-312.7665644,-312.7665644
Farmgate,prairie,total cost,0.06,130,6.4,-142.3833518,-142.3833518
Farmgate,prairie,total cost,0.06,140,1.89,-637.0555409,-637.0555409
Farmgate,prairie,total cost,0.06,140,3.393333333,-453.5659273,-453.5659273
Farmgate,prairie,total cost,0.06,140,4.896666667,-270.0763138,-270.0763138
Farmgate,prairie,total cost,0.06,140,6.4,-86.58670019,-86.58670019
8 km,prairie,total cost,0.06,20,1.89,-852.9101185,
8 km,prairie,total cost,0.06,20,3.393333333,-841.1143576,
8 km,prairie,total cost,0.06,20,4.896666667,-829.3185968,
8 km,prairie,total cost,0.06,20,6.4,-817.5228359,
8 km,prairie,total cost,0.06,30,1.89,-836.4326698,
8 km,prairie,total cost,0.06,30,3.393333333,-811.530508,
8 km,prairie,total cost,0.06,30,4.896666667,-786.6283461,
8 km,prairie,total cost,0.06,30,6.4,-761.7261843,
8 km,prairie,total cost,0.06,40,1.89,-819.9552212,
8 km,prairie,total cost,0.06,40,3.393333333,-781.9466583,
8 km,prairie,total cost,0.06,40,4.896666667,-743.9380955,
8 km,prairie,total cost,0.06,40,6.4,-705.9295327,
8 km,prairie,total cost,0.06,50,1.89,-803.4777725,
8 km,prairie,total cost,0.06,50,3.393333333,-752.3628087,
8 km,prairie,total cost,0.06,50,4.896666667,-701.2478449,
8 km,prairie,total cost,0.06,50,6.4,-650.1328811,
8 km,prairie,total cost,0.06,60,1.89,-787.0003238,
8 km,prairie,total cost,0.06,60,3.393333333,-722.7789591,
8 km,prairie,total cost,0.06,60,4.896666667,-658.5575943,
8 km,prairie,total cost,0.06,60,6.4,-594.3362296,
8 km,prairie,total cost,0.06,70,1.89,-770.5228751,
8 km,prairie,total cost,0.06,70,3.393333333,-693.1951094,
8 km,prairie,total cost,0.06,70,4.896666667,-615.8673437,
8 km,prairie,total cost,0.06,70,6.4,-538.539578,
8 km,prairie,total cost,0.06,80,1.89,-754.0454265,
8 km,prairie,total cost,0.06,80,3.393333333,-663.6112598,
8 km,prairie,total cost,0.06,80,4.896666667,-573.1770931,
8 km,prairie,total cost,0.06,80,6.4,-482.7429264,
8 km,prairie,total cost,0.06,90,1.89,-737.5679778,
8 km,prairie,total cost,0.06,90,3.393333333,-634.0274101,
8 km,prairie,total cost,0.06,90,4.896666667,-530.4868425,
8 km,prairie,total cost,0.06,90,6.4,-426.9462748,
8 km,prairie,total cost,0.06,100,1.89,-721.0905291,
8 km,prairie,total cost,0.06,100,3.393333333,-604.4435605,
8 km,prairie,total cost,0.06,100,4.896666667,-487.7965919,
8 km,prairie,total cost,0.06,100,6.4,-371.1496232,
8 km,prairie,total cost,0.06,110,1.89,-704.6130805,
8 km,prairie,total cost,0.06,110,3.393333333,-574.8597109,
8 km,prairie,total cost,0.06,110,4.896666667,-445.1063413,
8 km,prairie,total cost,0.06,110,6.4,-315.3529717,
8 km,prairie,total cost,0.06,120,1.89,-688.1356318,
8 km,prairie,total cost,0.06,120,3.393333333,-545.2758612,
8 km,prairie,total cost,0.06,120,4.896666667,-402.4160907,
8 km,prairie,total cost,0.06,120,6.4,-259.5563201,
8 km,prairie,total cost,0.06,130,1.89,-671.6581831,
8 km,prairie,total cost,0.06,130,3.393333333,-515.6920116,
8 km,prairie,total cost,0.06,130,4.896666667,-359.72584,
8 km,prairie,total cost,0.06,130,6.4,-203.7596685,
8 km,prairie,total cost,0.06,140,1.89,-655.1807345,
8 km,prairie,total cost,0.06,140,3.393333333,-486.108162,
8 km,prairie,total cost,0.06,140,4.896666667,-317.0355894,
8 km,prairie,total cost,0.06,140,6.4,-147.9630169,
16 km,prairie,total cost,0.06,20,1.89,-862.7965877,
16 km,prairie,total cost,0.06,20,3.393333333,-858.8646674,
16 km,prairie,total cost,0.06,20,4.896666667,-854.9327471,
16 km,prairie,total cost,0.06,20,6.4,-851.0008268,
16 km,prairie,total cost,0.06,30,1.89,-846.319139,
16 km,prairie,total cost,0.06,30,3.393333333,-829.2808178,
16 km,prairie,total cost,0.06,30,4.896666667,-812.2424965,
16 km,prairie,total cost,0.06,30,6.4,-795.2041752,
16 km,prairie,total cost,0.06,40,1.89,-829.8416904,
16 km,prairie,total cost,0.06,40,3.393333333,-799.6969681,
16 km,prairie,total cost,0.06,40,4.896666667,-769.5522459,
16 km,prairie,total cost,0.06,40,6.4,-739.4075237,
16 km,prairie,total cost,0.06,50,1.89,-813.3642417,
16 km,prairie,total cost,0.06,50,3.393333333,-770.1131185,
16 km,prairie,total cost,0.06,50,4.896666667,-726.8619953,
16 km,prairie,total cost,0.06,50,6.4,-683.6108721,
16 km,prairie,total cost,0.06,60,1.89,-796.886793,
16 km,prairie,total cost,0.06,60,3.393333333,-740.5292688,
16 km,prairie,total cost,0.06,60,4.896666667,-684.1717447,
16 km,prairie,total cost,0.06,60,6.4,-627.8142205,
16 km,prairie,total cost,0.06,70,1.89,-780.4093444,
16 km,prairie,total cost,0.06,70,3.393333333,-710.9454192,
16 km,prairie,total cost,0.06,70,4.896666667,-641.4814941,
16 km,prairie,total cost,0.06,70,6.4,-572.0175689,
16 km,prairie,total cost,0.06,80,1.89,-763.9318957,
16 km,prairie,total cost,0.06,80,3.393333333,-681.3615696,
16 km,prairie,total cost,0.06,80,4.896666667,-598.7912435,
16 km,prairie,total cost,0.06,80,6.4,-516.2209174,
16 km,prairie,total cost,0.06,90,1.89,-747.454447,
16 km,prairie,total cost,0.06,90,3.393333333,-651.7777199,
16 km,prairie,total cost,0.06,90,4.896666667,-556.1009929,
16 km,prairie,total cost,0.06,90,6.4,-460.4242658,
16 km,prairie,total cost,0.06,100,1.89,-730.9769983,
16 km,prairie,total cost,0.06,100,3.393333333,-622.1938703,
16 km,prairie,total cost,0.06,100,4.896666667,-513.4107422,
16 km,prairie,total cost,0.06,100,6.4,-404.6276142,
16 km,prairie,total cost,0.06,110,1.89,-714.4995497,
16 km,prairie,total cost,0.06,110,3.393333333,-592.6100207,
16 km,prairie,total cost,0.06,110,4.896666667,-470.7204916,
16 km,prairie,total cost,0.06,110,6.4,-348.8309626,
16 km,prairie,total cost,0.06,120,1.89,-698.022101,
16 km,prairie,total cost,0.06,120,3.393333333,-563.026171,
16 km,prairie,total cost,0.06,120,4.896666667,-428.030241,
16 km,prairie,total cost,0.06,120,6.4,-293.034311,
16 km,prairie,total cost,0.06,130,1.89,-681.5446523,
16 km,prairie,total cost,0.06,130,3.393333333,-533.4423214,
16 km,prairie,total cost,0.06,130,4.896666667,-385.3399904,
16 km,prairie,total cost,0.06,130,6.4,-237.2376595,
16 km,prairie,total cost,0.06,140,1.89,-665.0672037,
16 km,prairie,total cost,0.06,140,3.393333333,-503.8584717,
16 km,prairie,total cost,0.06,140,4.896666667,-342.6497398,
16 km,prairie,total cost,0.06,140,6.4,-181.4410079,
24 km,prairie,total cost,0.06,20,1.89,-871.035312,
24 km,prairie,total cost,0.06,20,3.393333333,-873.6565922,
24 km,prairie,total cost,0.06,20,4.896666667,-876.2778724,
24 km,prairie,total cost,0.06,20,6.4,-878.8991526,
24 km,prairie,total cost,0.06,30,1.89,-854.5578634,
24 km,prairie,total cost,0.06,30,3.393333333,-844.0727426,
24 km,prairie,total cost,0.06,30,4.896666667,-833.5876218,
24 km,prairie,total cost,0.06,30,6.4,-823.102501,
24 km,prairie,total cost,0.06,40,1.89,-838.0804147,
24 km,prairie,total cost,0.06,40,3.393333333,-814.4888929,
24 km,prairie,total cost,0.06,40,4.896666667,-790.8973712,
24 km,prairie,total cost,0.06,40,6.4,-767.3058495,
24 km,prairie,total cost,0.06,50,1.89,-821.602966,
24 km,prairie,total cost,0.06,50,3.393333333,-784.9050433,
24 km,prairie,total cost,0.06,50,4.896666667,-748.2071206,
24 km,prairie,total cost,0.06,50,6.4,-711.5091979,
24 km,prairie,total cost,0.06,60,1.89,-805.1255174,
24 km,prairie,total cost,0.06,60,3.393333333,-755.3211937,
24 km,prairie,total cost,0.06,60,4.896666667,-705.51687,
24 km,prairie,total cost,0.06,60,6.4,-655.7125463,
24 km,prairie,total cost,0.06,70,1.89,-788.6480687,
24 km,prairie,total cost,0.06,70,3.393333333,-725.737344,
24 km,prairie,total cost,0.06,70,4.896666667,-662.8266194,
24 km,prairie,total cost,0.06,70,6.4,-599.9158947,
24 km,prairie,total cost,0.06,80,1.89,-772.17062,
24 km,prairie,total cost,0.06,80,3.393333333,-696.1534944,
24 km,prairie,total cost,0.06,80,4.896666667,-620.1363688,
24 km,prairie,total cost,0.06,80,6.4,-544.1192431,
24 km,prairie,total cost,0.06,90,1.89,-755.6931713,
24 km,prairie,total cost,0.06,90,3.393333333,-666.5696448,
24 km,prairie,total cost,0.06,90,4.896666667,-577.4461182,
24 km,prairie,total cost,0.06,90,6.4,-488.3225916,
24 km,prairie,total cost,0.06,100,1.89,-739.2157227,
24 km,prairie,total cost,0.06,100,3.393333333,-636.9857951,
24 km,prairie,total cost,0.06,100,4.896666667,-534.7558675,
24 km,prairie,total cost,0.06,100,6.4,-432.52594,
24 km,prairie,total cost,0.06,110,1.89,-722.738274,
24 km,prairie,total cost,0.06,110,3.393333333,-607.4019455,
24 km,prairie,total cost,0.06,110,4.896666667,-492.0656169,
24 km,prairie,total cost,0.06,110,6.4,-376.7292884,
24 km,prairie,total cost,0.06,120,1.89,-706.2608253,
24 km,prairie,total cost,0.06,120,3.393333333,-577.8180958,
24 km,prairie,total cost,0.06,120,4.896666667,-449.3753663,
24 km,prairie,total cost,0.06,120,6.4,-320.9326368,
24 km,prairie,total cost,0.06,130,1.89,-689.7833767,
24 km,prairie,total cost,0.06,130,3.393333333,-548.2342462,
24 km,prairie,total cost,0.06,130,4.896666667,-406.6851157,
24 km,prairie,total cost,0.06,130,6.4,-265.1359852,
24 km,prairie,total cost,0.06,140,1.89,-673.305928,
24 km,prairie,total cost,0.06,140,3.393333333,-518.6503966,
24 km,prairie,total cost,0.06,140,4.896666667,-363.9948651,
24 km,prairie,total cost,0.06,140,6.4,-209.3393337,
32 km,prairie,total cost,0.06,20,1.89,-882.5695261,
32 km,prairie,total cost,0.06,20,3.393333333,-894.365287,
32 km,prairie,total cost,0.06,20,4.896666667,-906.1610478,
32 km,prairie,total cost,0.06,20,6.4,-917.9568087,
32 km,prairie,total cost,0.06,30,1.89,-866.0920774,
32 km,prairie,total cost,0.06,30,3.393333333,-864.7814373,
32 km,prairie,total cost,0.06,30,4.896666667,-863.4707972,
32 km,prairie,total cost,0.06,30,6.4,-862.1601571,
32 km,prairie,total cost,0.06,40,1.89,-849.6146288,
32 km,prairie,total cost,0.06,40,3.393333333,-835.1975877,
32 km,prairie,total cost,0.06,40,4.896666667,-820.7805466,
32 km,prairie,total cost,0.06,40,6.4,-806.3635056,
32 km,prairie,total cost,0.06,50,1.89,-833.1371801,
32 km,prairie,total cost,0.06,50,3.393333333,-805.6137381,
32 km,prairie,total cost,0.06,50,4.896666667,-778.090296,
32 km,prairie,total cost,0.06,50,6.4,-750.566854,
32 km,prairie,total cost,0.06,60,1.89,-816.6597314,
32 km,prairie,total cost,0.06,60,3.393333333,-776.0298884,
32 km,prairie,total cost,0.06,60,4.896666667,-735.4000454,
32 km,prairie,total cost,0.06,60,6.4,-694.7702024,
32 km,prairie,total cost,0.06,70,1.89,-800.1822828,
32 km,prairie,total cost,0.06,70,3.393333333,-746.4460388,
32 km,prairie,total cost,0.06,70,4.896666667,-692.7097948,
32 km,prairie,total cost,0.06,70,6.4,-638.9735508,
32 km,prairie,total cost,0.06,80,1.89,-783.7048341,
32 km,prairie,total cost,0.06,80,3.393333333,-716.8621891,
32 km,prairie,total cost,0.06,80,4.896666667,-650.0195442,
32 km,prairie,total cost,0.06,80,6.4,-583.1768992,
32 km,prairie,total cost,0.06,90,1.89,-767.2273854,
32 km,prairie,total cost,0.06,90,3.393333333,-687.2783395,
32 km,prairie,total cost,0.06,90,4.896666667,-607.3292936,
32 km,prairie,total cost,0.06,90,6.4,-527.3802477,
32 km,prairie,total cost,0.06,100,1.89,-750.7499367,
32 km,prairie,total cost,0.06,100,3.393333333,-657.6944899,
32 km,prairie,total cost,0.06,100,4.896666667,-564.639043,
32 km,prairie,total cost,0.06,100,6.4,-471.5835961,
32 km,prairie,total cost,0.06,110,1.89,-734.2724881,
32 km,prairie,total cost,0.06,110,3.393333333,-628.1106402,
32 km,prairie,total cost,0.06,110,4.896666667,-521.9487924,
32 km,prairie,total cost,0.06,110,6.4,-415.7869445,
32 km,prairie,total cost,0.06,120,1.89,-717.7950394,
32 km,prairie,total cost,0.06,120,3.393333333,-598.5267906,
32 km,prairie,total cost,0.06,120,4.896666667,-479.2585418,
32 km,prairie,total cost,0.06,120,6.4,-359.9902929,
32 km,prairie,total cost,0.06,130,1.89,-701.3175907,
32 km,prairie,total cost,0.06,130,3.393333333,-568.9429409,
32 km,prairie,total cost,0.06,130,4.896666667,-436.5682911,
32 km,prairie,total cost,0.06,130,6.4,-304.1936413,
32 km,prairie,total cost,0.06,140,1.89,-684.8401421,
32 km,prairie,total cost,0.06,140,3.393333333,-539.3590913,
32 km,prairie,total cost,0.06,140,4.896666667,-393.8780405,
32 km,prairie,total cost,0.06,140,6.4,-248.3969898,
Farmgate,prairie,direct cost,0.06,20,1.89,-292.9759089,
Farmgate,prairie,direct cost,0.06,20,3.393333333,-266.7631069,
Farmgate,prairie,direct cost,0.06,20,4.896666667,-240.550305,
Farmgate,prairie,direct cost,0.06,20,6.4,-214.3375031,
Farmgate,prairie,direct cost,0.06,30,1.89,-276.4984602,
Farmgate,prairie,direct cost,0.06,30,3.393333333,-237.1792573,
Farmgate,prairie,direct cost,0.06,30,4.896666667,-197.8600544,
Farmgate,prairie,direct cost,0.06,30,6.4,-158.5408515,
Farmgate,prairie,direct cost,0.06,40,1.89,-260.0210115,
Farmgate,prairie,direct cost,0.06,40,3.393333333,-207.5954077,
Farmgate,prairie,direct cost,0.06,40,4.896666667,-155.1698038,
Farmgate,prairie,direct cost,0.06,40,6.4,-102.7441999,
Farmgate,prairie,direct cost,0.06,50,1.89,-243.5435629,
Farmgate,prairie,direct cost,0.06,50,3.393333333,-178.011558,
Farmgate,prairie,direct cost,0.06,50,4.896666667,-112.4795532,
Farmgate,prairie,direct cost,0.06,50,6.4,-46.94754833,
Farmgate,prairie,direct cost,0.06,60,1.89,-227.0661142,
Farmgate,prairie,direct cost,0.06,60,3.393333333,-148.4277084,
Farmgate,prairie,direct cost,0.06,60,4.896666667,-69.78930257,
Farmgate,prairie,direct cost,0.06,60,6.4,8.849103247,
Farmgate,prairie,direct cost,0.06,70,1.89,-210.5886655,
Farmgate,prairie,direct cost,0.06,70,3.393333333,-118.8438588,
Farmgate,prairie,direct cost,0.06,70,4.896666667,-27.09905196,
Farmgate,prairie,direct cost,0.06,70,6.4,64.64575483,
Farmgate,prairie,direct cost,0.06,80,1.89,-194.1112169,
Farmgate,prairie,direct cost,0.06,80,3.393333333,-89.26000911,
Farmgate,prairie,direct cost,0.06,80,4.896666667,15.59119865,
Farmgate,prairie,direct cost,0.06,80,6.4,120.4424064,
Farmgate,prairie,direct cost,0.06,90,1.89,-177.6337682,
Farmgate,prairie,direct cost,0.06,90,3.393333333,-59.67615947,
Farmgate,prairie,direct cost,0.06,90,4.896666667,58.28144926,
Farmgate,prairie,direct cost,0.06,90,6.4,176.239058,
Farmgate,prairie,direct cost,0.06,100,1.89,-161.1563195,
Farmgate,prairie,direct cost,0.06,100,3.393333333,-30.09230983,
Farmgate,prairie,direct cost,0.06,100,4.896666667,100.9716999,
Farmgate,prairie,direct cost,0.06,100,6.4,232.0357096,
Farmgate,prairie,direct cost,0.06,110,1.89,-144.6788709,
Farmgate,prairie,direct cost,0.06,110,3.393333333,-0.508460195,
Farmgate,prairie,direct cost,0.06,110,4.896666667,143.6619505,
Farmgate,prairie,direct cost,0.06,110,6.4,287.8323611,
Farmgate,prairie,direct cost,0.06,120,1.89,-128.2014222,
Farmgate,prairie,direct cost,0.06,120,3.393333333,29.07538944,
Farmgate,prairie,direct cost,0.06,120,4.896666667,186.3522011,
Farmgate,prairie,direct cost,0.06,120,6.4,343.6290127,
Farmgate,prairie,direct cost,0.06,130,1.89,-111.7239735,
Farmgate,prairie,direct cost,0.06,130,3.393333333,58.65923908,
Farmgate,prairie,direct cost,0.06,130,4.896666667,229.0424517,
Farmgate,prairie,direct cost,0.06,130,6.4,399.4256643,
Farmgate,prairie,direct cost,0.06,140,1.89,-95.24652486,
Farmgate,prairie,direct cost,0.06,140,3.393333333,88.24308872,
Farmgate,prairie,direct cost,0.06,140,4.896666667,271.7327023,
Farmgate,prairie,direct cost,0.06,140,6.4,455.2223159,
8 km,prairie,direct cost,0.06,20,1.89,-311.1011024,
8 km,prairie,direct cost,0.06,20,3.393333333,-299.3053416,
8 km,prairie,direct cost,0.06,20,4.896666667,-287.5095807,
8 km,prairie,direct cost,0.06,20,6.4,-275.7138198,
8 km,prairie,direct cost,0.06,30,1.89,-294.6236538,
8 km,prairie,direct cost,0.06,30,3.393333333,-269.7214919,
8 km,prairie,direct cost,0.06,30,4.896666667,-244.8193301,
8 km,prairie,direct cost,0.06,30,6.4,-219.9171682,
8 km,prairie,direct cost,0.06,40,1.89,-278.1462051,
8 km,prairie,direct cost,0.06,40,3.393333333,-240.1376423,
8 km,prairie,direct cost,0.06,40,4.896666667,-202.1290795,
8 km,prairie,direct cost,0.06,40,6.4,-164.1205166,
8 km,prairie,direct cost,0.06,50,1.89,-261.6687564,
8 km,prairie,direct cost,0.06,50,3.393333333,-210.5537926,
8 km,prairie,direct cost,0.06,50,4.896666667,-159.4388289,
8 km,prairie,direct cost,0.06,50,6.4,-108.3238651,
8 km,prairie,direct cost,0.06,60,1.89,-245.1913077,
8 km,prairie,direct cost,0.06,60,3.393333333,-180.969943,
8 km,prairie,direct cost,0.06,60,4.896666667,-116.7485782,
8 km,prairie,direct cost,0.06,60,6.4,-52.52721349,
8 km,prairie,direct cost,0.06,70,1.89,-228.7138591,
8 km,prairie,direct cost,0.06,70,3.393333333,-151.3860934,
8 km,prairie,direct cost,0.06,70,4.896666667,-74.05832763,
8 km,prairie,direct cost,0.06,70,6.4,3.269438089,
8 km,prairie,direct cost,0.06,80,1.89,-212.2364104,
8 km,prairie,direct cost,0.06,80,3.393333333,-121.8022437,
8 km,prairie,direct cost,0.06,80,4.896666667,-31.36807702,
8 km,prairie,direct cost,0.06,80,6.4,59.06608967,
8 km,prairie,direct cost,0.06,90,1.89,-195.7589617,
8 km,prairie,direct cost,0.06,90,3.393333333,-92.21839408,
8 km,prairie,direct cost,0.06,90,4.896666667,11.32217359,
8 km,prairie,direct cost,0.06,90,6.4,114.8627412,
8 km,prairie,direct cost,0.06,100,1.89,-179.2815131,
8 km,prairie,direct cost,0.06,100,3.393333333,-62.63454444,
8 km,prairie,direct cost,0.06,100,4.896666667,54.01242419,
8 km,prairie,direct cost,0.06,100,6.4,170.6593928,
8 km,prairie,direct cost,0.06,110,1.89,-162.8040644,
8 km,prairie,direct cost,0.06,110,3.393333333,-33.0506948,
8 km,prairie,direct cost,0.06,110,4.896666667,96.7026748,
8 km,prairie,direct cost,0.06,110,6.4,226.4560444,
8 km,prairie,direct cost,0.06,120,1.89,-146.3266157,
8 km,prairie,direct cost,0.06,120,3.393333333,-3.466845159,
8 km,prairie,direct cost,0.06,120,4.896666667,139.3929254,
8 km,prairie,direct cost,0.06,120,6.4,282.252696,
8 km,prairie,direct cost,0.06,130,1.89,-129.8491671,
8 km,prairie,direct cost,0.06,130,3.393333333,26.11700448,
8 km,prairie,direct cost,0.06,130,4.896666667,182.083176,
8 km,prairie,direct cost,0.06,130,6.4,338.0493476,
8 km,prairie,direct cost,0.06,140,1.89,-113.3717184,
8 km,prairie,direct cost,0.06,140,3.393333333,55.70085412,
8 km,prairie,direct cost,0.06,140,4.896666667,224.7734266,
8 km,prairie,direct cost,0.06,140,6.4,393.8459991,
16 km,prairie,direct cost,0.06,20,1.89,-320.9875716,
16 km,prairie,direct cost,0.06,20,3.393333333,-317.0556513,
16 km,prairie,direct cost,0.06,20,4.896666667,-313.123731,
16 km,prairie,direct cost,0.06,20,6.4,-309.1918108,
16 km,prairie,direct cost,0.06,30,1.89,-304.510123,
16 km,prairie,direct cost,0.06,30,3.393333333,-287.4718017,
16 km,prairie,direct cost,0.06,30,4.896666667,-270.4334804,
16 km,prairie,direct cost,0.06,30,6.4,-253.3951592,
16 km,prairie,direct cost,0.06,40,1.89,-288.0326743,
16 km,prairie,direct cost,0.06,40,3.393333333,-257.8879521,
16 km,prairie,direct cost,0.06,40,4.896666667,-227.7432298,
16 km,prairie,direct cost,0.06,40,6.4,-197.5985076,
16 km,prairie,direct cost,0.06,50,1.89,-271.5552256,
16 km,prairie,direct cost,0.06,50,3.393333333,-228.3041024,
16 km,prairie,direct cost,0.06,50,4.896666667,-185.0529792,
16 km,prairie,direct cost,0.06,50,6.4,-141.801856,
16 km,prairie,direct cost,0.06,60,1.89,-255.0777769,
16 km,prairie,direct cost,0.06,60,3.393333333,-198.7202528,
16 km,prairie,direct cost,0.06,60,4.896666667,-142.3627286,
16 km,prairie,direct cost,0.06,60,6.4,-86.00520444,
16 km,prairie,direct cost,0.06,70,1.89,-238.6003283,
16 km,prairie,direct cost,0.06,70,3.393333333,-169.1364031,
16 km,prairie,direct cost,0.06,70,4.896666667,-99.672478,
16 km,prairie,direct cost,0.06,70,6.4,-30.20855286,
16 km,prairie,direct cost,0.06,80,1.89,-222.1228796,
16 km,prairie,direct cost,0.06,80,3.393333333,-139.5525535,
16 km,prairie,direct cost,0.06,80,4.896666667,-56.98222739,
16 km,prairie,direct cost,0.06,80,6.4,25.58809872,
16 km,prairie,direct cost,0.06,90,1.89,-205.6454309,
16 km,prairie,direct cost,0.06,90,3.393333333,-109.9687039,
16 km,prairie,direct cost,0.06,90,4.896666667,-14.29197678,
16 km,prairie,direct cost,0.06,90,6.4,81.3847503,
16 km,prairie,direct cost,0.06,100,1.89,-189.1679823,
16 km,prairie,direct cost,0.06,100,3.393333333,-80.38485422,
16 km,prairie,direct cost,0.06,100,4.896666667,28.39827383,
16 km,prairie,direct cost,0.06,100,6.4,137.1814019,
16 km,prairie,direct cost,0.06,110,1.89,-172.6905336,
16 km,prairie,direct cost,0.06,110,3.393333333,-50.80100458,
16 km,prairie,direct cost,0.06,110,4.896666667,71.08852444,
16 km,prairie,direct cost,0.06,110,6.4,192.9780535,
16 km,prairie,direct cost,0.06,120,1.89,-156.2130849,
16 km,prairie,direct cost,0.06,120,3.393333333,-21.21715494,
16 km,prairie,direct cost,0.06,120,4.896666667,113.778775,
16 km,prairie,direct cost,0.06,120,6.4,248.774705,
16 km,prairie,direct cost,0.06,130,1.89,-139.7356363,
16 km,prairie,direct cost,0.06,130,3.393333333,8.366694697,
16 km,prairie,direct cost,0.06,130,4.896666667,156.4690257,
16 km,prairie,direct cost,0.06,130,6.4,304.5713566,
16 km,prairie,direct cost,0.06,140,1.89,-123.2581876,
16 km,prairie,direct cost,0.06,140,3.393333333,37.95054434,
16 km,prairie,direct cost,0.06,140,4.896666667,199.1592763,
16 km,prairie,direct cost,0.06,140,6.4,360.3680082,
24 km,prairie,direct cost,0.06,20,1.89,-329.226296,
24 km,prairie,direct cost,0.06,20,3.393333333,-331.8475762,
24 km,prairie,direct cost,0.06,20,4.896666667,-334.4688563,
24 km,prairie,direct cost,0.06,20,6.4,-337.0901365,
24 km,prairie,direct cost,0.06,30,1.89,-312.7488473,
24 km,prairie,direct cost,0.06,30,3.393333333,-302.2637265,
24 km,prairie,direct cost,0.06,30,4.896666667,-291.7786057,
24 km,prairie,direct cost,0.06,30,6.4,-281.293485,
24 km,prairie,direct cost,0.06,40,1.89,-296.2713986,
24 km,prairie,direct cost,0.06,40,3.393333333,-272.6798769,
24 km,prairie,direct cost,0.06,40,4.896666667,-249.0883551,
24 km,prairie,direct cost,0.06,40,6.4,-225.4968334,
24 km,prairie,direct cost,0.06,50,1.89,-279.79395,
24 km,prairie,direct cost,0.06,50,3.393333333,-243.0960272,
24 km,prairie,direct cost,0.06,50,4.896666667,-206.3981045,
24 km,prairie,direct cost,0.06,50,6.4,-169.7001818,
24 km,prairie,direct cost,0.06,60,1.89,-263.3165013,
24 km,prairie,direct cost,0.06,60,3.393333333,-213.5121776,
24 km,prairie,direct cost,0.06,60,4.896666667,-163.7078539,
24 km,prairie,direct cost,0.06,60,6.4,-113.9035302,
24 km,prairie,direct cost,0.06,70,1.89,-246.8390526,
24 km,prairie,direct cost,0.06,70,3.393333333,-183.928328,
24 km,prairie,direct cost,0.06,70,4.896666667,-121.0176033,
24 km,prairie,direct cost,0.06,70,6.4,-58.10687865,
24 km,prairie,direct cost,0.06,80,1.89,-230.3616039,
24 km,prairie,direct cost,0.06,80,3.393333333,-154.3444783,
24 km,prairie,direct cost,0.06,80,4.896666667,-78.32735269,
24 km,prairie,direct cost,0.06,80,6.4,-2.310227069,
24 km,prairie,direct cost,0.06,90,1.89,-213.8841553,
24 km,prairie,direct cost,0.06,90,3.393333333,-124.7606287,
24 km,prairie,direct cost,0.06,90,4.896666667,-35.63710208,
24 km,prairie,direct cost,0.06,90,6.4,53.48642451,
24 km,prairie,direct cost,0.06,100,1.89,-197.4067066,
24 km,prairie,direct cost,0.06,100,3.393333333,-95.17677904,
24 km,prairie,direct cost,0.06,100,4.896666667,7.053148525,
24 km,prairie,direct cost,0.06,100,6.4,109.2830761,
24 km,prairie,direct cost,0.06,110,1.89,-180.9292579,
24 km,prairie,direct cost,0.06,110,3.393333333,-65.5929294,
24 km,prairie,direct cost,0.06,110,4.896666667,49.74339913,
24 km,prairie,direct cost,0.06,110,6.4,165.0797277,
24 km,prairie,direct cost,0.06,120,1.89,-164.4518093,
24 km,prairie,direct cost,0.06,120,3.393333333,-36.00907976,
24 km,prairie,direct cost,0.06,120,4.896666667,92.43364974,
24 km,prairie,direct cost,0.06,120,6.4,220.8763792,
24 km,prairie,direct cost,0.06,130,1.89,-147.9743606,
24 km,prairie,direct cost,0.06,130,3.393333333,-6.425230122,
24 km,prairie,direct cost,0.06,130,4.896666667,135.1239004,
24 km,prairie,direct cost,0.06,130,6.4,276.6730308,
24 km,prairie,direct cost,0.06,140,1.89,-131.4969119,
24 km,prairie,direct cost,0.06,140,3.393333333,23.15861952,
24 km,prairie,direct cost,0.06,140,4.896666667,177.814151,
24 km,prairie,direct cost,0.06,140,6.4,332.4696824,
32 km,prairie,direct cost,0.06,20,1.89,-340.76051,
32 km,prairie,direct cost,0.06,20,3.393333333,-352.5562709,
32 km,prairie,direct cost,0.06,20,4.896666667,-364.3520318,
32 km,prairie,direct cost,0.06,20,6.4,-376.1477926,
32 km,prairie,direct cost,0.06,30,1.89,-324.2830614,
32 km,prairie,direct cost,0.06,30,3.393333333,-322.9724213,
32 km,prairie,direct cost,0.06,30,4.896666667,-321.6617812,
32 km,prairie,direct cost,0.06,30,6.4,-320.3511411,
32 km,prairie,direct cost,0.06,40,1.89,-307.8056127,
32 km,prairie,direct cost,0.06,40,3.393333333,-293.3885716,
32 km,prairie,direct cost,0.06,40,4.896666667,-278.9715306,
32 km,prairie,direct cost,0.06,40,6.4,-264.5544895,
32 km,prairie,direct cost,0.06,50,1.89,-291.328164,
32 km,prairie,direct cost,0.06,50,3.393333333,-263.804722,
32 km,prairie,direct cost,0.06,50,4.896666667,-236.2812799,
32 km,prairie,direct cost,0.06,50,6.4,-208.7578379,
32 km,prairie,direct cost,0.06,60,1.89,-274.8507154,
32 km,prairie,direct cost,0.06,60,3.393333333,-234.2208723,
32 km,prairie,direct cost,0.06,60,4.896666667,-193.5910293,
32 km,prairie,direct cost,0.06,60,6.4,-152.9611863,
32 km,prairie,direct cost,0.06,70,1.89,-258.3732667,
32 km,prairie,direct cost,0.06,70,3.393333333,-204.6370227,
32 km,prairie,direct cost,0.06,70,4.896666667,-150.9007787,
32 km,prairie,direct cost,0.06,70,6.4,-97.16453475,
32 km,prairie,direct cost,0.06,80,1.89,-241.895818,
32 km,prairie,direct cost,0.06,80,3.393333333,-175.0531731,
32 km,prairie,direct cost,0.06,80,4.896666667,-108.2105281,
32 km,prairie,direct cost,0.06,80,6.4,-41.36788317,
32 km,prairie,direct cost,0.06,90,1.89,-225.4183693,
32 km,prairie,direct cost,0.06,90,3.393333333,-145.4693234,
32 km,prairie,direct cost,0.06,90,4.896666667,-65.52027751,
32 km,prairie,direct cost,0.06,90,6.4,14.42876841,
32 km,prairie,direct cost,0.06,100,1.89,-208.9409207,
32 km,prairie,direct cost,0.06,100,3.393333333,-115.8854738,
32 km,prairie,direct cost,0.06,100,4.896666667,-22.8300269,
32 km,prairie,direct cost,0.06,100,6.4,70.22541998,
32 km,prairie,direct cost,0.06,110,1.89,-192.463472,
32 km,prairie,direct cost,0.06,110,3.393333333,-86.30162415,
32 km,prairie,direct cost,0.06,110,4.896666667,19.86022371,
32 km,prairie,direct cost,0.06,110,6.4,126.0220716,
32 km,prairie,direct cost,0.06,120,1.89,-175.9860233,
32 km,prairie,direct cost,0.06,120,3.393333333,-56.71777451,
32 km,prairie,direct cost,0.06,120,4.896666667,62.55047432,
32 km,prairie,direct cost,0.06,120,6.4,181.8187231,
32 km,prairie,direct cost,0.06,130,1.89,-159.5085747,
32 km,prairie,direct cost,0.06,130,3.393333333,-27.13392487,
32 km,prairie,direct cost,0.06,130,4.896666667,105.2407249,
32 km,prairie,direct cost,0.06,130,6.4,237.6153747,
32 km,prairie,direct cost,0.06,140,1.89,-143.031126,
32 km,prairie,direct cost,0.06,140,3.393333333,2.449924769,
32 km,prairie,direct cost,0.06,140,4.896666667,147.9309755,
32 km,prairie,direct cost,0.06,140,6.4,293.4120263,
