radius,transport_cost,discount_rate,yield,breakeven_price
Farmgate,0,0.05,2.0,183.49589838019375
Farmgate,0,0.05,2.135593220338983,171.8453651497053
Farmgate,0,0.05,2.2711864406779663,161.58594036464822
Farmgate,0,0.05,2.406779661016949,152.48250710466806
Farmgate,0,0.05,2.542372881355932,144.35010672575245
Farmgate,0,0.05,2.6779661016949152,137.04124056242318
Farmgate,0,0.05,2.8135593220338984,130.43684342688474
Farmgate,0,0.05,2.9491525423728815,124.43974717737278
Farmgate,0,0.05,3.084745762711864,118.9698681805652
Farmgate,0,0.05,3.2203389830508478,113.96061057296244
Farmgate,0,0.05,3.3559322033898304,109.35614145890337
Farmgate,0,0.05,3.4915254237288136,105.10930101389741
Farmgate,0,0.05,3.6271186440677967,101.17998134982649
Farmgate,0,0.05,3.7627118644067794,97.53385589577869
Farmgate,0,0.05,3.898305084745763,94.14137395157766
Farmgate,0,0.05,4.033898305084746,90.9769580204322
Farmgate,0,0.05,4.169491525423728,88.01835775960514
Farmgate,0,0.05,4.305084745762712,85.24612601914514
Farmgate,0,0.05,4.4406779661016955,82.64319087352237
Farmgate,0,0.05,4.576271186440678,80.19450373652914
Farmgate,0,0.05,4.711864406779661,77.88674823331965
Farmgate,0,0.05,4.847457627118644,75.70809793308693
Farmgate,0,0.05,4.983050847457627,73.64801363558799
Farmgate,0,0.05,5.118644067796611,71.69707287702934
Farmgate,0,0.05,5.254237288135593,69.8468258350415
Farmgate,0,0.05,5.389830508474576,68.08967298384549
Farmgate,0,0.05,5.525423728813559,66.41876076338303
Farmgate,0,0.05,5.661016949152542,64.82789224210438
Farmgate,0,0.05,5.796610169491526,63.31145031831246
Farmgate,0,0.05,5.932203389830509,61.86433145389391
Farmgate,0,0.05,6.067796610169491,60.481888292913034
Farmgate,0,0.05,6.203389830508475,59.159879805636244
Farmgate,0,0.05,6.338983050847458,57.89442783118413
Farmgate,0,0.05,6.47457627118644,56.68197908079284
Farmgate,0,0.05,6.610169491525424,55.519271817597094
Farmgate,0,0.05,6.745762711864407,54.40330655493183
Farmgate,0,0.05,6.88135593220339,53.331320218874055
Farmgate,0,0.05,7.016949152542373,52.30076330643204
Farmgate,0,0.05,7.1525423728813555,51.30927964185513
Farmgate,0,0.05,7.288135593220339,50.35468839270433
Farmgate,0,0.05,7.423728813559322,49.43496805676453
Farmgate,0,0.05,7.559322033898305,48.54824217233826
Farmgate,0,0.05,7.694915254237288,47.69276653934552
Farmgate,0,0.05,7.830508474576271,46.866917768101445
Farmgate,0,0.05,7.966101694915254,46.069182997580576
Farmgate,0,0.05,8.101694915254237,45.29815064615662
Farmgate,0,0.05,8.237288135593221,44.55250207584951
Farmgate,0,0.05,8.372881355932204,43.83100406652401
Farmgate,0,0.05,8.508474576271187,43.13250200968698
Farmgate,0,0.05,8.64406779661017,42.455913742868354
Farmgate,0,0.05,8.779661016949152,41.80022395533371
Farmgate,0,0.05,8.915254237288135,41.16447910430203
Farmgate,0,0.05,9.050847457627118,40.54778278813271
Farmgate,0,0.05,9.186440677966102,39.949291529267285
Farmgate,0,0.05,9.322033898305085,39.36821092520521
Farmgate,0,0.05,9.457627118644067,38.80379213057861
Farmgate,0,0.05,9.593220338983052,38.25532863756689
Farmgate,0,0.05,9.728813559322035,37.72215332554505
Farmgate,0,0.05,9.864406779661017,37.2036357540599
Farmgate,0,0.05,10.0,36.699179676038746
Farmgate,0,0.06,2.0,186.9249409077393
Farmgate,0,0.06,2.135593220338983,175.05669069137488
Farmgate,0,0.06,2.2711864406779663,164.60554497845698
Farmgate,0,0.06,2.406779661016949,155.33199314868477
Farmgate,0,0.06,2.542372881355932,147.04762018075493
Farmgate,0,0.06,2.6779661016949152,139.60217105767873
Farmgate,0,0.06,2.8135593220338984,132.87435558501952
Farmgate,0,0.06,2.9491525423728815,126.76518981099561
Farmgate,0,0.06,3.084745762711864,121.19309355556724
Farmgate,0,0.06,3.2203389830508478,116.09022645849072
Farmgate,0,0.06,3.3559322033898304,111.39971225814767
Farmgate,0,0.06,3.4915254237288136,107.07350984035553
Farmgate,0,0.06,3.6271186440677967,103.07076180894038
Farmgate,0,0.06,3.7627118644067794,99.3565001221317
Farmgate,0,0.06,3.898305084745763,95.90062185701409
Farmgate,0,0.06,4.033898305084746,92.6770715424926
Farmgate,0,0.06,4.169491525423728,89.6631830370457
Farmgate,0,0.06,4.305084745762712,86.83914577603637
Farmgate,0,0.06,4.4406779661016955,84.18756880577571
Farmgate,0,0.06,4.576271186440678,81.69312232264161
Farmgate,0,0.06,4.711864406779661,79.3422411047239
Farmgate,0,0.06,4.847457627118644,77.12287771717916
Farmgate,0,0.06,4.983050847457627,75.02429601058925
Farmgate,0,0.06,5.118644067796611,73.03689744077231
Farmgate,0,0.06,5.254237288135593,71.15207428101044
Farmgate,0,0.06,5.389830508474576,69.36208499092214
Farmgate,0,0.06,5.525423728813559,67.65994793593018
Farmgate,0,0.06,5.661016949152542,66.03935038057855
Farmgate,0,0.06,5.796610169491526,64.49457025471706
Farmgate,0,0.06,5.932203389830509,63.020408648894964
Farmgate,0,0.06,6.067796610169491,61.612131360651496
Farmgate,0,0.06,6.203389830508475,60.26541810686676
Farmgate,0,0.06,6.338983050847458,58.976318254313476
Farmgate,0,0.06,6.47457627118644,57.74121211286188
Farmgate,0,0.06,6.610169491525424,56.55677699259804
Farmgate,0,0.06,6.745762711864407,55.41995735455588
Farmgate,0,0.06,6.88135593220339,54.3279384904267
Farmgate,0,0.06,7.016949152542373,53.27812325389671
Farmgate,0,0.06,7.1525423728813555,52.268111438656966
Farmgate,0,0.06,7.288135593220339,51.29568145840288
Farmgate,0,0.06,7.423728813559322,50.35877403450512
Farmgate,0,0.06,7.559322033898305,49.45547763926735
Farmgate,0,0.06,7.694915254237288,48.58401547822299
Farmgate,0,0.06,7.830508474576271,47.742733824920435
Farmgate,0,0.06,7.966101694915254,46.93009154704945
Farmgate,0,0.06,8.101694915254237,46.14465068433732
Farmgate,0,0.06,8.237288135593221,45.38506795702312
Farmgate,0,0.06,8.372881355932204,44.65008709941951
Farmgate,0,0.06,8.508474576271187,43.93853192652039
Farmgate,0,0.06,8.64406779661017,43.24930005316321
Farmgate,0,0.06,8.779661016949152,42.5813571951993
Farmgate,0,0.06,8.915254237288135,41.93373199070958
Farmgate,0,0.06,9.050847457627118,41.305511286728915
Farmgate,0,0.06,9.186440677966102,40.69583584338236
Farmgate,0,0.06,9.322033898305085,40.10389641293315
Farmgate,0,0.06,9.457627118644067,39.528930156116914
Farmgate,0,0.06,9.593220338983052,38.97021736239088
Farmgate,0,0.06,9.728813559322035,38.42707844444814
Farmgate,0,0.06,9.864406779661017,37.89887118060694
Farmgate,0,0.06,10.0,37.38498818154786
Farmgate,0,0.07,2.0,190.452277368036
Farmgate,0,0.07,2.135593220338983,178.36006928117655
Farmgate,0,0.07,2.2711864406779663,167.7117069360317
Farmgate,0,0.07,2.406779661016949,158.2631600663961
Farmgate,0,0.07,2.542372881355932,149.82245819618828
Farmgate,0,0.07,2.6779661016949152,142.2365109457484
Farmgate,0,0.07,2.8135593220338984,135.38173933390513
Farmgate,0,0.07,2.9491525423728815,129.1572915484382
Farmgate,0,0.07,3.084745762711864,123.48004796389147
Farmgate,0,0.07,3.2203389830508478,118.28088804962233
Farmgate,0,0.07,3.3559322033898304,113.50186226983962
Farmgate,0,0.07,3.4915254237288136,109.09402295838954
Farmgate,0,0.07,3.6271186440677967,105.01574172630023
Farmgate,0,0.07,3.7627118644067794,101.23139067310021
Farmgate,0,0.07,3.898305084745763,97.71029882360105
Farmgate,0,0.07,4.033898305084746,94.42591903121114
Farmgate,0,0.07,4.169491525423728,91.35515743670018
Farmgate,0,0.07,4.305084745762712,88.47782964341827
Farmgate,0,0.07,4.4406779661016955,85.77621652453526
Farmgate,0,0.07,4.576271186440678,83.23469899788239
Farmgate,0,0.07,4.711864406779661,80.83945586125267
Farmgate,0,0.07,4.847457627118644,78.5782123406582
Farmgate,0,0.07,4.983050847457627,76.4400296919328
Farmgate,0,0.07,5.118644067796611,74.41512824313989
Farmgate,0,0.07,5.254237288135593,72.4947378368653
Farmgate,0,0.07,5.389830508474576,70.67097084725864
Farmgate,0,0.07,5.525423728813559,68.93671389395168
Farmgate,0,0.07,5.661016949152542,67.28553511804864
Farmgate,0,0.07,5.796610169491526,65.71160447201241
Farmgate,0,0.07,5.932203389830509,64.20962494122355
Farmgate,0,0.07,6.067796610169491,62.77477298722974
Farmgate,0,0.07,6.203389830508475,61.402646801716514
Farmgate,0,0.07,6.338983050847458,60.089221201679806
Farmgate,0,0.07,6.47457627118644,58.83080819222054
Farmgate,0,0.07,6.610169491525424,57.62402238314935
Farmgate,0,0.07,6.745762711864407,56.465750576452876
Farmgate,0,0.07,6.88135593220339,55.353124949330656
Farmgate,0,0.07,7.016949152542373,54.28349934644503
Farmgate,0,0.07,7.1525423728813555,53.25442826878731
Farmgate,0,0.07,7.288135593220339,52.263648207972665
Farmgate,0,0.07,7.423728813559322,51.30906102609188
Farmgate,0,0.07,7.559322033898305,50.38871912427858
Farmgate,0,0.07,7.694915254237288,49.50081217935737
Farmgate,0,0.07,7.830508474576271,48.64365525850269
Farmgate,0,0.07,7.966101694915254,47.81567814771967
Farmgate,0,0.07,8.101694915254237,47.015415751941944
Farmgate,0,0.07,8.237288135593221,46.24149944326798
Farmgate,0,0.07,8.372881355932204,45.49264924985475
Farmgate,0,0.07,8.508474576271187,44.76766679168973
Farmgate,0,0.07,8.64406779661017,44.06542888123186
Farmgate,0,0.07,8.779661016949152,43.38488171704295
Farmgate,0,0.07,8.915254237288135,42.72503560727803
Farmgate,0,0.07,9.050847457627118,42.08496016746862
Farmgate,0,0.07,9.186440677966102,41.46377994359454
Farmgate,0,0.07,9.322033898305085,40.86067041714226
Farmgate,0,0.07,9.457627118644067,40.27485435381405
Farmgate,0,0.07,9.593220338983052,39.70559846188735
Farmgate,0,0.07,9.728813559322035,39.152210330014356
Farmgate,0,0.07,9.864406779661017,38.614035617574295
Farmgate,0,0.07,10.0,38.09045547360719
Farmgate,0,0.08,2.0,194.07751450667348
Farmgate,0,0.08,2.135593220338983,181.7551326332339
Farmgate,0,0.08,2.2711864406779663,170.9040799387124
Farmgate,0,0.08,2.406779661016949,161.27568106892585
Farmgate,0,0.08,2.542372881355932,152.67431141191645
Farmgate,0,0.08,2.6779661016949152,144.94396653030046
Farmgate,0,0.08,2.8135593220338984,137.95871513124982
Farmgate,0,0.08,2.9491525423728815,131.61578569992798
Farmgate,0,0.08,3.084745762711864,125.8304764383927
Farmgate,0,0.08,3.2203389830508478,120.53235111467086
Farmgate,0,0.08,3.3559322033898304,115.66235713023973
Farmgate,0,0.08,3.4915254237288136,111.17061510576441
Farmgate,0,0.08,3.6271186440677967,107.01470426068911
Farmgate,0,0.08,3.7627118644067794,103.15831852156519
Farmgate,0,0.08,3.898305084745763,99.57020309472811
Farmgate,0,0.08,4.033898305084746,96.22330551171206
Farmgate,0,0.08,4.169491525423728,93.09409232433931
Farmgate,0,0.08,4.305084745762712,90.16199492829712
Farmgate,0,0.08,4.4406779661016955,87.40895691521935
Farmgate,0,0.08,4.576271186440678,84.81906189550915
Farmgate,0,0.08,4.711864406779661,82.3782255819693
Farmgate,0,0.08,4.847457627118644,80.07393955170443
Farmgate,0,0.08,4.983050847457627,77.8950568428145
Farmgate,0,0.08,5.118644067796611,75.83161162843531
Farmgate,0,0.08,5.254237288135593,73.87466681221764
Farmgate,0,0.08,5.389830508474576,72.01618462826248
Farmgate,0,0.08,5.525423728813559,70.2489162938266
Farmgate,0,0.08,5.661016949152542,68.56630752032176
Farmgate,0,0.08,5.796610169491526,66.96241728592825
Farmgate,0,0.08,5.932203389830509,65.4318477479642
Farmgate,0,0.08,6.067796610169491,63.969683552478955
Farmgate,0,0.08,6.203389830508475,62.571439103244444
Farmgate,0,0.08,6.338983050847458,61.233012598362215
Farmgate,0,0.08,6.47457627118644,59.95064584237557
Farmgate,0,0.08,6.610169491525424,58.72088900458325
Farmgate,0,0.08,6.745762711864407,57.5405696276067
Farmgate,0,0.08,6.88135593220339,56.40676529996913
Farmgate,0,0.08,7.016949152542373,55.316779497071174
Farmgate,0,0.08,7.1525423728813555,54.26812017011248
Farmgate,0,0.08,7.288135593220339,53.25848072508714
Farmgate,0,0.08,7.423728813559322,52.28572308627275
Farmgate,0,0.08,7.559322033898305,51.34786258248312
Farmgate,0,0.08,7.694915254237288,50.443054431249934
Farmgate,0,0.08,7.830508474576271,49.569581627245604
Farmgate,0,0.08,7.966101694915254,48.725844067632906
Farmgate,0,0.08,8.101694915254237,47.910348769429845
Farmgate,0,0.08,8.237288135593221,47.121701053060626
Farmgate,0,0.08,8.372881355932204,46.35859658256572
Farmgate,0,0.08,8.508474576271187,45.6198141669073
Farmgate,0,0.08,8.64406779661017,44.90420923879895
Farmgate,0,0.08,8.779661016949152,44.210707937813645
Farmgate,0,0.08,8.915254237288135,43.538301733436256
Farmgate,0,0.08,9.050847457627118,42.88604253143721
Farmgate,0,0.08,9.186440677966102,42.25303821363001
Farmgate,0,0.08,9.322033898305085,41.6384485668863
Farmgate,0,0.08,9.457627118644067,41.04148156234314
Farmgate,0,0.08,9.593220338983052,40.46138995015453
Farmgate,0,0.08,9.728813559322035,39.89746813900256
Farmgate,0,0.08,9.864406779661017,39.349049332968164
Farmgate,0,0.08,10.0,38.81550290133469
Farmgate,0,0.09,2.0,197.80019073423028
Farmgate,0,0.09,2.135593220338983,185.24144846539028
Farmgate,0,0.09,2.2711864406779663,174.18225751223264
Farmgate,0,0.09,2.406779661016949,164.369172581966
Farmgate,0,0.09,2.542372881355932,155.6028167109278
Farmgate,0,0.09,2.6779661016949152,147.7241930799948
Farmgate,0,0.09,2.8135593220338984,140.60495485927214
Farmgate,0,0.09,2.9491525423728815,134.14035923355846
Farmgate,0,0.09,3.084745762711864,128.24407970680866
Farmgate,0,0.09,3.2203389830508478,122.84432898231142
Farmgate,0,0.09,3.3559322033898304,117.8809217507029
Farmgate,0,0.09,3.4915254237288136,113.30302187688919
Farmgate,0,0.09,3.6271186440677967,109.06739489083726
Farmgate,0,0.09,3.7627118644067794,105.13703831819448
Farmgate,0,0.09,3.898305084745763,101.4800978549529
Farmgate,0,0.09,4.033898305084746,98.06900212873603
Farmgate,0,0.09,4.169491525423728,94.87976628715113
Farmgate,0,0.09,4.305084745762712,91.8914271914928
Farmgate,0,0.09,4.4406779661016955,89.08558208640903
Farmgate,0,0.09,4.576271186440678,86.44600928384878
Farmgate,0,0.09,4.711864406779661,83.95835434042868
Farmgate,0,0.09,4.847457627118644,81.60986890433277
Farmgate,0,0.09,4.983050847457627,79.38919219945298
Farmgate,0,0.09,5.118644067796611,77.28616724052705
Farmgate,0,0.09,5.254237288135593,75.29168550528765
Farmgate,0,0.09,5.389830508474576,73.39755505232445
Farmgate,0,0.09,5.525423728813559,71.59638805717537
Farmgate,0,0.09,5.661016949152542,69.88150451089572
Farmgate,0,0.09,5.796610169491526,68.24684943461745
Farmgate,0,0.09,5.932203389830509,66.6869214475405
Farmgate,0,0.09,6.067796610169491,65.19671091239992
Farmgate,0,0.09,6.203389830508475,63.771646193003185
Farmgate,0,0.09,6.338983050847458,62.40754680919566
Farmgate,0,0.09,6.47457627118644,61.10058247811301
Farmgate,0,0.09,6.610169491525424,59.8472371965107
Farmgate,0,0.09,6.745762711864407,58.64427765487228
Farmgate,0,0.09,6.88135593220339,57.48872538581076
Farmgate,0,0.09,7.016949152542373,56.3778321416405
Farmgate,0,0.09,7.1525423728813555,55.30905807260467
Farmgate,0,0.09,7.288135593220339,54.28005234102133
Farmgate,0,0.09,7.423728813559322,53.28863585990678
Farmgate,0,0.09,7.559322033898305,52.3327858893255
Farmgate,0,0.09,7.694915254237288,51.41062226131976
Farmgate,0,0.09,7.830508474576271,50.52039503601552
Farmgate,0,0.09,7.966101694915254,49.660473418381216
Farmgate,0,0.09,8.101694915254237,48.82933578794806
Farmgate,0,0.09,8.237288135593221,48.02556071324932
Farmgate,0,0.09,8.372881355932204,47.24781883935055
Farmgate,0,0.09,8.508474576271187,46.49486555107404
Farmgate,0,0.09,8.64406779661017,45.76553432674347
Farmgate,0,0.09,8.779661016949152,45.058730707797636
Farmgate,0,0.09,8.915254237288135,44.37342681870565
Farmgate,0,0.09,9.050847457627118,43.708656379474114
Farmgate,0,0.09,9.186440677966102,43.063510159850864
Farmgate,0,0.09,9.322033898305085,42.43713183025304
Farmgate,0,0.09,9.457627118644067,41.82871416960425
Farmgate,0,0.09,9.593220338983052,41.23749559476884
Farmgate,0,0.09,9.728813559322035,40.66275698020762
Farmgate,0,0.09,9.864406779661017,40.10381873992985
Farmgate,0,0.09,10.0,39.560038146846054
8 km,11,0.05,2.0,194.49589838019378
8 km,11,0.05,2.135593220338983,182.84536514970523
8 km,11,0.05,2.2711864406779663,172.58594036464822
8 km,11,0.05,2.406779661016949,163.48250710466806
8 km,11,0.05,2.542372881355932,155.35010672575245
8 km,11,0.05,2.6779661016949152,148.0412405624232
8 km,11,0.05,2.8135593220338984,141.43684342688474
8 km,11,0.05,2.9491525423728815,135.4397471773728
8 km,11,0.05,3.084745762711864,129.96986818056521
8 km,11,0.05,3.2203389830508478,124.96061057296245
8 km,11,0.05,3.3559322033898304,120.35614145890335
8 km,11,0.05,3.4915254237288136,116.10930101389742
8 km,11,0.05,3.6271186440677967,112.17998134982649
8 km,11,0.05,3.7627118644067794,108.53385589577866
8 km,11,0.05,3.898305084745763,105.14137395157768
8 km,11,0.05,4.033898305084746,101.9769580204322
8 km,11,0.05,4.169491525423728,99.01835775960515
8 km,11,0.05,4.305084745762712,96.24612601914512
8 km,11,0.05,4.4406779661016955,93.6431908735224
8 km,11,0.05,4.576271186440678,91.19450373652913
8 km,11,0.05,4.711864406779661,88.88674823331968
8 km,11,0.05,4.847457627118644,86.70809793308693
8 km,11,0.05,4.983050847457627,84.64801363558796
8 km,11,0.05,5.118644067796611,82.69707287702934
8 km,11,0.05,5.254237288135593,80.8468258350415
8 km,11,0.05,5.389830508474576,79.08967298384547
8 km,11,0.05,5.525423728813559,77.41876076338303
8 km,11,0.05,5.661016949152542,75.82789224210438
8 km,11,0.05,5.796610169491526,74.31145031831247
8 km,11,0.05,5.932203389830509,72.8643314538939
8 km,11,0.05,6.067796610169491,71.48188829291303
8 km,11,0.05,6.203389830508475,70.15987980563624
8 km,11,0.05,6.338983050847458,68.89442783118413
8 km,11,0.05,6.47457627118644,67.68197908079286
8 km,11,0.05,6.610169491525424,66.51927181759709
8 km,11,0.05,6.745762711864407,65.4033065549318
8 km,11,0.05,6.88135593220339,64.33132021887405
8 km,11,0.05,7.016949152542373,63.300763306432046
8 km,11,0.05,7.1525423728813555,62.309279641855134
8 km,11,0.05,7.288135593220339,61.354688392704354
8 km,11,0.05,7.423728813559322,60.434968056764525
8 km,11,0.05,7.559322033898305,59.54824217233825
8 km,11,0.05,7.694915254237288,58.69276653934552
8 km,11,0.05,7.830508474576271,57.86691776810146
8 km,11,0.05,7.966101694915254,57.069182997580555
8 km,11,0.05,8.101694915254237,56.29815064615662
8 km,11,0.05,8.237288135593221,55.55250207584951
8 km,11,0.05,8.372881355932204,54.831004066524
8 km,11,0.05,8.508474576271187,54.13250200968699
8 km,11,0.05,8.64406779661017,53.45591374286836
8 km,11,0.05,8.779661016949152,52.80022395533372
8 km,11,0.05,8.915254237288135,52.16447910430203
8 km,11,0.05,9.050847457627118,51.54778278813271
8 km,11,0.05,9.186440677966102,50.94929152926729
8 km,11,0.05,9.322033898305085,50.368210925205226
8 km,11,0.05,9.457627118644067,49.80379213057862
8 km,11,0.05,9.593220338983052,49.255328637566876
8 km,11,0.05,9.728813559322035,48.722153325545065
8 km,11,0.05,9.864406779661017,48.203635754059896
8 km,11,0.05,10.0,47.69917967603875
8 km,11,0.06,2.0,197.9249409077393
8 km,11,0.06,2.135593220338983,186.05669069137488
8 km,11,0.06,2.2711864406779663,175.60554497845698
8 km,11,0.06,2.406779661016949,166.33199314868477
8 km,11,0.06,2.542372881355932,158.04762018075496
8 km,11,0.06,2.6779661016949152,150.60217105767873
8 km,11,0.06,2.8135593220338984,143.87435558501952
8 km,11,0.06,2.9491525423728815,137.76518981099562
8 km,11,0.06,3.084745762711864,132.19309355556723
8 km,11,0.06,3.2203389830508478,127.09022645849072
8 km,11,0.06,3.3559322033898304,122.39971225814767
8 km,11,0.06,3.4915254237288136,118.07350984035553
8 km,11,0.06,3.6271186440677967,114.07076180894036
8 km,11,0.06,3.7627118644067794,110.35650012213173
8 km,11,0.06,3.898305084745763,106.90062185701406
8 km,11,0.06,4.033898305084746,103.6770715424926
8 km,11,0.06,4.169491525423728,100.66318303704568
8 km,11,0.06,4.305084745762712,97.83914577603635
8 km,11,0.06,4.4406779661016955,95.18756880577571
8 km,11,0.06,4.576271186440678,92.6931223226416
8 km,11,0.06,4.711864406779661,90.3422411047239
8 km,11,0.06,4.847457627118644,88.12287771717915
8 km,11,0.06,4.983050847457627,86.02429601058924
8 km,11,0.06,5.118644067796611,84.0368974407723
8 km,11,0.06,5.254237288135593,82.15207428101044
8 km,11,0.06,5.389830508474576,80.36208499092213
8 km,11,0.06,5.525423728813559,78.65994793593019
8 km,11,0.06,5.661016949152542,77.03935038057855
8 km,11,0.06,5.796610169491526,75.49457025471708
8 km,11,0.06,5.932203389830509,74.02040864889497
8 km,11,0.06,6.067796610169491,72.61213136065152
8 km,11,0.06,6.203389830508475,71.26541810686676
8 km,11,0.06,6.338983050847458,69.97631825431347
8 km,11,0.06,6.47457627118644,68.74121211286189
8 km,11,0.06,6.610169491525424,67.55677699259805
8 km,11,0.06,6.745762711864407,66.41995735455586
8 km,11,0.06,6.88135593220339,65.32793849042669
8 km,11,0.06,7.016949152542373,64.27812325389671
8 km,11,0.06,7.1525423728813555,63.268111438656966
8 km,11,0.06,7.288135593220339,62.295681458402875
8 km,11,0.06,7.423728813559322,61.358774034505124
8 km,11,0.06,7.559322033898305,60.45547763926735
8 km,11,0.06,7.694915254237288,59.584015478222994
8 km,11,0.06,7.830508474576271,58.74273382492044
8 km,11,0.06,7.966101694915254,57.93009154704944
8 km,11,0.06,8.101694915254237,57.144650684337314
8 km,11,0.06,8.237288135593221,56.38506795702312
8 km,11,0.06,8.372881355932204,55.650087099419494
8 km,11,0.06,8.508474576271187,54.93853192652038
8 km,11,0.06,8.64406779661017,54.24930005316321
8 km,11,0.06,8.779661016949152,53.581357195199296
8 km,11,0.06,8.915254237288135,52.933731990709575
8 km,11,0.06,9.050847457627118,52.30551128672891
8 km,11,0.06,9.186440677966102,51.69583584338236
8 km,11,0.06,9.322033898305085,51.10389641293317
8 km,11,0.06,9.457627118644067,50.528930156116914
8 km,11,0.06,9.593220338983052,49.970217362390876
8 km,11,0.06,9.728813559322035,49.42707844444814
8 km,11,0.06,9.864406779661017,48.89887118060695
8 km,11,0.06,10.0,48.38498818154786
8 km,11,0.07,2.0,201.452277368036
8 km,11,0.07,2.135593220338983,189.36006928117655
8 km,11,0.07,2.2711864406779663,178.7117069360317
8 km,11,0.07,2.406779661016949,169.26316006639613
8 km,11,0.07,2.542372881355932,160.8224581961883
8 km,11,0.07,2.6779661016949152,153.2365109457484
8 km,11,0.07,2.8135593220338984,146.3817393339051
8 km,11,0.07,2.9491525423728815,140.1572915484382
8 km,11,0.07,3.084745762711864,134.48004796389148
8 km,11,0.07,3.2203389830508478,129.28088804962235
8 km,11,0.07,3.3559322033898304,124.50186226983963
8 km,11,0.07,3.4915254237288136,120.09402295838959
8 km,11,0.07,3.6271186440677967,116.01574172630023
8 km,11,0.07,3.7627118644067794,112.23139067310024
8 km,11,0.07,3.898305084745763,108.71029882360106
8 km,11,0.07,4.033898305084746,105.4259190312111
8 km,11,0.07,4.169491525423728,102.35515743670024
8 km,11,0.07,4.305084745762712,99.47782964341827
8 km,11,0.07,4.4406779661016955,96.77621652453531
8 km,11,0.07,4.576271186440678,94.2346989978824
8 km,11,0.07,4.711864406779661,91.8394558612527
8 km,11,0.07,4.847457627118644,89.57821234065823
8 km,11,0.07,4.983050847457627,87.4400296919328
8 km,11,0.07,5.118644067796611,85.41512824313992
8 km,11,0.07,5.254237288135593,83.49473783686533
8 km,11,0.07,5.389830508474576,81.67097084725863
8 km,11,0.07,5.525423728813559,79.93671389395169
8 km,11,0.07,5.661016949152542,78.28553511804867
8 km,11,0.07,5.796610169491526,76.71160447201241
8 km,11,0.07,5.932203389830509,75.20962494122355
8 km,11,0.07,6.067796610169491,73.77477298722975
8 km,11,0.07,6.203389830508475,72.40264680171651
8 km,11,0.07,6.338983050847458,71.0892212016798
8 km,11,0.07,6.47457627118644,69.83080819222054
8 km,11,0.07,6.610169491525424,68.62402238314937
8 km,11,0.07,6.745762711864407,67.46575057645289
8 km,11,0.07,6.88135593220339,66.35312494933063
8 km,11,0.07,7.016949152542373,65.28349934644505
8 km,11,0.07,7.1525423728813555,64.25442826878731
8 km,11,0.07,7.288135593220339,63.26364820797267
8 km,11,0.07,7.423728813559322,62.309061026091904
8 km,11,0.07,7.559322033898305,61.38871912427859
8 km,11,0.07,7.694915254237288,60.50081217935738
8 km,11,0.07,7.830508474576271,59.643655258502704
8 km,11,0.07,7.966101694915254,58.815678147719666
8 km,11,0.07,8.101694915254237,58.01541575194194
8 km,11,0.07,8.237288135593221,57.241499443268
8 km,11,0.07,8.372881355932204,56.49264924985475
8 km,11,0.07,8.508474576271187,55.76766679168974
8 km,11,0.07,8.64406779661017,55.06542888123186
8 km,11,0.07,8.779661016949152,54.384881717042965
8 km,11,0.07,8.915254237288135,53.72503560727804
8 km,11,0.07,9.050847457627118,53.08496016746864
8 km,11,0.07,9.186440677966102,52.46377994359455
8 km,11,0.07,9.322033898305085,51.86067041714227
8 km,11,0.07,9.457627118644067,51.274854353814064
8 km,11,0.07,9.593220338983052,50.705598461887355
8 km,11,0.07,9.728813559322035,50.15221033001437
8 km,11,0.07,9.864406779661017,49.61403561757431
8 km,11,0.07,10.0,49.0904554736072
8 km,11,0.08,2.0,205.07751450667348
8 km,11,0.08,2.135593220338983,192.75513263323384
8 km,11,0.08,2.2711864406779663,181.9040799387124
8 km,11,0.08,2.406779661016949,172.27568106892585
8 km,11,0.08,2.542372881355932,163.67431141191648
8 km,11,0.08,2.6779661016949152,155.9439665303004
8 km,11,0.08,2.8135593220338984,148.9587151312498
8 km,11,0.08,2.9491525423728815,142.61578569992795
8 km,11,0.08,3.084745762711864,136.8304764383927
8 km,11,0.08,3.2203389830508478,131.5323511146709
8 km,11,0.08,3.3559322033898304,126.66235713023974
8 km,11,0.08,3.4915254237288136,122.17061510576441
8 km,11,0.08,3.6271186440677967,118.0147042606891
8 km,11,0.08,3.7627118644067794,114.15831852156519
8 km,11,0.08,3.898305084745763,110.57020309472813
8 km,11,0.08,4.033898305084746,107.22330551171206
8 km,11,0.08,4.169491525423728,104.09409232433931
8 km,11,0.08,4.305084745762712,101.1619949282971
8 km,11,0.08,4.4406779661016955,98.40895691521933
8 km,11,0.08,4.576271186440678,95.81906189550914
8 km,11,0.08,4.711864406779661,93.37822558196932
8 km,11,0.08,4.847457627118644,91.07393955170444
8 km,11,0.08,4.983050847457627,88.8950568428145
8 km,11,0.08,5.118644067796611,86.83161162843531
8 km,11,0.08,5.254237288135593,84.87466681221763
8 km,11,0.08,5.389830508474576,83.01618462826248
8 km,11,0.08,5.525423728813559,81.24891629382661
8 km,11,0.08,5.661016949152542,79.56630752032177
8 km,11,0.08,5.796610169491526,77.96241728592825
8 km,11,0.08,5.932203389830509,76.43184774796417
8 km,11,0.08,6.067796610169491,74.96968355247895
8 km,11,0.08,6.203389830508475,73.57143910324446
8 km,11,0.08,6.338983050847458,72.23301259836221
8 km,11,0.08,6.47457627118644,70.95064584237558
8 km,11,0.08,6.610169491525424,69.72088900458324
8 km,11,0.08,6.745762711864407,68.5405696276067
8 km,11,0.08,6.88135593220339,67.40676529996912
8 km,11,0.08,7.016949152542373,66.31677949707117
8 km,11,0.08,7.1525423728813555,65.26812017011248
8 km,11,0.08,7.288135593220339,64.25848072508714
8 km,11,0.08,7.423728813559322,63.28572308627276
8 km,11,0.08,7.559322033898305,62.3478625824831
8 km,11,0.08,7.694915254237288,61.44305443124993
8 km,11,0.08,7.830508474576271,60.569581627245604
8 km,11,0.08,7.966101694915254,59.725844067632906
8 km,11,0.08,8.101694915254237,58.91034876942985
8 km,11,0.08,8.237288135593221,58.121701053060626
8 km,11,0.08,8.372881355932204,57.35859658256571
8 km,11,0.08,8.508474576271187,56.61981416690731
8 km,11,0.08,8.64406779661017,55.90420923879895
8 km,11,0.08,8.779661016949152,55.21070793781364
8 km,11,0.08,8.915254237288135,54.538301733436235
8 km,11,0.08,9.050847457627118,53.886042531437205
8 km,11,0.08,9.186440677966102,53.25303821363001
8 km,11,0.08,9.322033898305085,52.638448566886325
8 km,11,0.08,9.457627118644067,52.04148156234314
8 km,11,0.08,9.593220338983052,51.461389950154526
8 km,11,0.08,9.728813559322035,50.89746813900256
8 km,11,0.08,9.864406779661017,50.34904933296815
8 km,11,0.08,10.0,49.815502901334696
8 km,11,0.09,2.0,208.8001907342303
8 km,11,0.09,2.135593220338983,196.24144846539025
8 km,11,0.09,2.2711864406779663,185.18225751223264
8 km,11,0.09,2.406779661016949,175.36917258196604
8 km,11,0.09,2.542372881355932,166.60281671092784
8 km,11,0.09,2.6779661016949152,158.72419307999482
8 km,11,0.09,2.8135593220338984,151.60495485927217
8 km,11,0.09,2.9491525423728815,145.14035923355846
8 km,11,0.09,3.084745762711864,139.24407970680866
8 km,11,0.09,3.2203389830508478,133.84432898231145
8 km,11,0.09,3.3559322033898304,128.88092175070292
8 km,11,0.09,3.4915254237288136,124.30302187688922
8 km,11,0.09,3.6271186440677967,120.06739489083726
8 km,11,0.09,3.7627118644067794,116.13703831819453
8 km,11,0.09,3.898305084745763,112.48009785495294
8 km,11,0.09,4.033898305084746,109.06900212873603
8 km,11,0.09,4.169491525423728,105.87976628715114
8 km,11,0.09,4.305084745762712,102.89142719149282
8 km,11,0.09,4.4406779661016955,100.08558208640906
8 km,11,0.09,4.576271186440678,97.44600928384878
8 km,11,0.09,4.711864406779661,94.9583543404287
8 km,11,0.09,4.847457627118644,92.60986890433281
8 km,11,0.09,4.983050847457627,90.38919219945298
8 km,11,0.09,5.118644067796611,88.28616724052706
8 km,11,0.09,5.254237288135593,86.29168550528765
8 km,11,0.09,5.389830508474576,84.39755505232445
8 km,11,0.09,5.525423728813559,82.5963880571754
8 km,11,0.09,5.661016949152542,80.88150451089577
8 km,11,0.09,5.796610169491526,79.24684943461747
8 km,11,0.09,5.932203389830509,77.68692144754048
8 km,11,0.09,6.067796610169491,76.19671091239994
8 km,11,0.09,6.203389830508475,74.77164619300324
8 km,11,0.09,6.338983050847458,73.40754680919565
8 km,11,0.09,6.47457627118644,72.10058247811304
8 km,11,0.09,6.610169491525424,70.84723719651072
8 km,11,0.09,6.745762711864407,69.6442776548723
8 km,11,0.09,6.88135593220339,68.48872538581078
8 km,11,0.09,7.016949152542373,67.37783214164051
8 km,11,0.09,7.1525423728813555,66.30905807260469
8 km,11,0.09,7.288135593220339,65.28005234102135
8 km,11,0.09,7.423728813559322,64.28863585990679
8 km,11,0.09,7.559322033898305,63.33278588932552
8 km,11,0.09,7.694915254237288,62.41062226131977
8 km,11,0.09,7.830508474576271,61.52039503601554
8 km,11,0.09,7.966101694915254,60.66047341838123
8 km,11,0.09,8.101694915254237,59.829335787948054
8 km,11,0.09,8.237288135593221,59.025560713249334
8 km,11,0.09,8.372881355932204,58.24781883935056
8 km,11,0.09,8.508474576271187,57.49486555107407
8 km,11,0.09,8.64406779661017,56.76553432674348
8 km,11,0.09,8.779661016949152,56.05873070779763
8 km,11,0.09,8.915254237288135,55.373426818705646
8 km,11,0.09,9.050847457627118,54.70865637947412
8 km,11,0.09,9.186440677966102,54.063510159850885
8 km,11,0.09,9.322033898305085,53.43713183025306
8 km,11,0.09,9.457627118644067,52.828714169604254
8 km,11,0.09,9.593220338983052,52.237495594768845
8 km,11,0.09,9.728813559322035,51.662756980207625
8 km,11,0.09,9.864406779661017,51.10381873992984
8 km,11,0.09,10.0,50.560038146846054
16 km,17,0.05,2.0,200.49589838019375
16 km,17,0.05,2.135593220338983,188.84536514970526
16 km,17,0.05,2.2711864406779663,178.58594036464822
16 km,17,0.05,2.406779661016949,169.48250710466806
16 km,17,0.05,2.542372881355932,161.35010672575243
16 km,17,0.05,2.6779661016949152,154.0412405624232
16 km,17,0.05,2.8135593220338984,147.43684342688474
16 km,17,0.05,2.9491525423728815,141.43974717737277
16 km,17,0.05,3.084745762711864,135.9698681805652
16 km,17,0.05,3.2203389830508478,130.96061057296245
16 km,17,0.05,3.3559322033898304,126.35614145890337
16 km,17,0.05,3.4915254237288136,122.10930101389742
16 km,17,0.05,3.6271186440677967,118.17998134982649
16 km,17,0.05,3.7627118644067794,114.5338558957787
16 km,17,0.05,3.898305084745763,111.14137395157768
16 km,17,0.05,4.033898305084746,107.97695802043219
16 km,17,0.05,4.169491525423728,105.01835775960515
16 km,17,0.05,4.305084745762712,102.24612601914511
16 km,17,0.05,4.4406779661016955,99.64319087352239
16 km,17,0.05,4.576271186440678,97.19450373652916
16 km,17,0.05,4.711864406779661,94.88674823331965
16 km,17,0.05,4.847457627118644,92.70809793308693
16 km,17,0.05,4.983050847457627,90.64801363558797
16 km,17,0.05,5.118644067796611,88.69707287702934
16 km,17,0.05,5.254237288135593,86.84682583504149
16 km,17,0.05,5.389830508474576,85.08967298384547
16 km,17,0.05,5.525423728813559,83.41876076338303
16 km,17,0.05,5.661016949152542,81.82789224210437
16 km,17,0.05,5.796610169491526,80.31145031831247
16 km,17,0.05,5.932203389830509,78.8643314538939
16 km,17,0.05,6.067796610169491,77.48188829291303
16 km,17,0.05,6.203389830508475,76.15987980563625
16 km,17,0.05,6.338983050847458,74.89442783118413
16 km,17,0.05,6.47457627118644,73.68197908079284
16 km,17,0.05,6.610169491525424,72.5192718175971
16 km,17,0.05,6.745762711864407,71.40330655493183
16 km,17,0.05,6.88135593220339,70.33132021887405
16 km,17,0.05,7.016949152542373,69.30076330643205
16 km,17,0.05,7.1525423728813555,68.30927964185513
16 km,17,0.05,7.288135593220339,67.35468839270433
16 km,17,0.05,7.423728813559322,66.43496805676455
16 km,17,0.05,7.559322033898305,65.54824217233826
16 km,17,0.05,7.694915254237288,64.69276653934553
16 km,17,0.05,7.830508474576271,63.86691776810144
16 km,17,0.05,7.966101694915254,63.06918299758057
16 km,17,0.05,8.101694915254237,62.298150646156635
16 km,17,0.05,8.237288135593221,61.55250207584951
16 km,17,0.05,8.372881355932204,60.83100406652402
16 km,17,0.05,8.508474576271187,60.132502009686995
16 km,17,0.05,8.64406779661017,59.45591374286836
16 km,17,0.05,8.779661016949152,58.80022395533371
16 km,17,0.05,8.915254237288135,58.164479104302025
16 km,17,0.05,9.050847457627118,57.547782788132714
16 km,17,0.05,9.186440677966102,56.949291529267285
16 km,17,0.05,9.322033898305085,56.3682109252052
16 km,17,0.05,9.457627118644067,55.8037921305786
16 km,17,0.05,9.593220338983052,55.25532863756689
16 km,17,0.05,9.728813559322035,54.722153325545065
16 km,17,0.05,9.864406779661017,54.2036357540599
16 km,17,0.05,10.0,53.69917967603875
16 km,17,0.06,2.0,203.9249409077393
16 km,17,0.06,2.135593220338983,192.0566906913749
16 km,17,0.06,2.2711864406779663,181.60554497845698
16 km,17,0.06,2.406779661016949,172.33199314868477
16 km,17,0.06,2.542372881355932,164.0476201807549
16 km,17,0.06,2.6779661016949152,156.60217105767873
16 km,17,0.06,2.8135593220338984,149.8743555850195
16 km,17,0.06,2.9491525423728815,143.7651898109956
16 km,17,0.06,3.084745762711864,138.19309355556726
16 km,17,0.06,3.2203389830508478,133.09022645849072
16 km,17,0.06,3.3559322033898304,128.39971225814764
16 km,17,0.06,3.4915254237288136,124.0735098403555
16 km,17,0.06,3.6271186440677967,120.07076180894038
16 km,17,0.06,3.7627118644067794,116.35650012213173
16 km,17,0.06,3.898305084745763,112.90062185701407
16 km,17,0.06,4.033898305084746,109.67707154249261
16 km,17,0.06,4.169491525423728,106.6631830370457
16 km,17,0.06,4.305084745762712,103.83914577603635
16 km,17,0.06,4.4406779661016955,101.18756880577574
16 km,17,0.06,4.576271186440678,98.69312232264163
16 km,17,0.06,4.711864406779661,96.34224110472391
16 km,17,0.06,4.847457627118644,94.12287771717914
16 km,17,0.06,4.983050847457627,92.02429601058925
16 km,17,0.06,5.118644067796611,90.03689744077231
16 km,17,0.06,5.254237288135593,88.15207428101044
16 km,17,0.06,5.389830508474576,86.36208499092213
16 km,17,0.06,5.525423728813559,84.65994793593018
16 km,17,0.06,5.661016949152542,83.03935038057854
16 km,17,0.06,5.796610169491526,81.49457025471706
16 km,17,0.06,5.932203389830509,80.02040864889496
16 km,17,0.06,6.067796610169491,78.6121313606515
16 km,17,0.06,6.203389830508475,77.26541810686678
16 km,17,0.06,6.338983050847458,75.97631825431347
16 km,17,0.06,6.47457627118644,74.74121211286189
16 km,17,0.06,6.610169491525424,73.55677699259805
16 km,17,0.06,6.745762711864407,72.41995735455589
16 km,17,0.06,6.88135593220339,71.32793849042669
16 km,17,0.06,7.016949152542373,70.27812325389672
16 km,17,0.06,7.1525423728813555,69.26811143865696
16 km,17,0.06,7.288135593220339,68.29568145840287
16 km,17,0.06,7.423728813559322,67.3587740345051
16 km,17,0.06,7.559322033898305,66.45547763926734
16 km,17,0.06,7.694915254237288,65.58401547822301
16 km,17,0.06,7.830508474576271,64.74273382492044
16 km,17,0.06,7.966101694915254,63.93009154704944
16 km,17,0.06,8.101694915254237,63.14465068433733
16 km,17,0.06,8.237288135593221,62.385067957023125
16 km,17,0.06,8.372881355932204,61.65008709941951
16 km,17,0.06,8.508474576271187,60.93853192652038
16 km,17,0.06,8.64406779661017,60.24930005316321
16 km,17,0.06,8.779661016949152,59.58135719519929
16 km,17,0.06,8.915254237288135,58.93373199070959
16 km,17,0.06,9.050847457627118,58.30551128672891
16 km,17,0.06,9.186440677966102,57.695835843382355
16 km,17,0.06,9.322033898305085,57.10389641293315
16 km,17,0.06,9.457627118644067,56.52893015611693
16 km,17,0.06,9.593220338983052,55.970217362390876
16 km,17,0.06,9.728813559322035,55.42707844444815
16 km,17,0.06,9.864406779661017,54.89887118060693
16 km,17,0.06,10.0,54.38498818154786
16 km,17,0.07,2.0,207.452277368036
16 km,17,0.07,2.135593220338983,195.36006928117655
16 km,17,0.07,2.2711864406779663,184.7117069360317
16 km,17,0.07,2.406779661016949,175.26316006639613
16 km,17,0.07,2.542372881355932,166.8224581961883
16 km,17,0.07,2.6779661016949152,159.23651094574845
16 km,17,0.07,2.8135593220338984,152.38173933390513
16 km,17,0.07,2.9491525423728815,146.15729154843822
16 km,17,0.07,3.084745762711864,140.48004796389148
16 km,17,0.07,3.2203389830508478,135.28088804962232
16 km,17,0.07,3.3559322033898304,130.50186226983968
16 km,17,0.07,3.4915254237288136,126.09402295838954
16 km,17,0.07,3.6271186440677967,122.01574172630023
16 km,17,0.07,3.7627118644067794,118.23139067310024
16 km,17,0.07,3.898305084745763,114.71029882360108
16 km,17,0.07,4.033898305084746,111.42591903121114
16 km,17,0.07,4.169491525423728,108.35515743670021
16 km,17,0.07,4.305084745762712,105.4778296434183
16 km,17,0.07,4.4406779661016955,102.7762165245353
16 km,17,0.07,4.576271186440678,100.23469899788239
16 km,17,0.07,4.711864406779661,97.83945586125272
16 km,17,0.07,4.847457627118644,95.57821234065823
16 km,17,0.07,4.983050847457627,93.44002969193284
16 km,17,0.07,5.118644067796611,91.41512824313989
16 km,17,0.07,5.254237288135593,89.49473783686534
16 km,17,0.07,5.389830508474576,87.67097084725864
16 km,17,0.07,5.525423728813559,85.93671389395169
16 km,17,0.07,5.661016949152542,84.28553511804866
16 km,17,0.07,5.796610169491526,82.71160447201241
16 km,17,0.07,5.932203389830509,81.20962494122357
16 km,17,0.07,6.067796610169491,79.77477298722977
16 km,17,0.07,6.203389830508475,78.40264680171651
16 km,17,0.07,6.338983050847458,77.08922120167982
16 km,17,0.07,6.47457627118644,75.83080819222056
16 km,17,0.07,6.610169491525424,74.62402238314935
16 km,17,0.07,6.745762711864407,73.46575057645288
16 km,17,0.07,6.88135593220339,72.35312494933066
16 km,17,0.07,7.016949152542373,71.28349934644505
16 km,17,0.07,7.1525423728813555,70.25442826878731
16 km,17,0.07,7.288135593220339,69.26364820797265
16 km,17,0.07,7.423728813559322,68.3090610260919
16 km,17,0.07,7.559322033898305,67.38871912427858
16 km,17,0.07,7.694915254237288,66.50081217935738
16 km,17,0.07,7.830508474576271,65.64365525850272
16 km,17,0.07,7.966101694915254,64.81567814771968
16 km,17,0.07,8.101694915254237,64.01541575194194
16 km,17,0.07,8.237288135593221,63.241499443268005
16 km,17,0.07,8.372881355932204,62.492649249854765
16 km,17,0.07,8.508474576271187,61.76766679168974
16 km,17,0.07,8.64406779661017,61.065428881231846
16 km,17,0.07,8.779661016949152,60.38488171704295
16 km,17,0.07,8.915254237288135,59.725035607278045
16 km,17,0.07,9.050847457627118,59.08496016746863
16 km,17,0.07,9.186440677966102,58.46377994359457
16 km,17,0.07,9.322033898305085,57.860670417142266
16 km,17,0.07,9.457627118644067,57.27485435381408
16 km,17,0.07,9.593220338983052,56.70559846188736
16 km,17,0.07,9.728813559322035,56.15221033001438
16 km,17,0.07,9.864406779661017,55.61403561757431
16 km,17,0.07,10.0,55.09045547360721
16 km,17,0.08,2.0,211.07751450667348
16 km,17,0.08,2.135593220338983,198.75513263323387
16 km,17,0.08,2.2711864406779663,187.9040799387124
16 km,17,0.08,2.406779661016949,178.27568106892585
16 km,17,0.08,2.542372881355932,169.67431141191648
16 km,17,0.08,2.6779661016949152,161.94396653030043
16 km,17,0.08,2.8135593220338984,154.95871513124982
16 km,17,0.08,2.9491525423728815,148.61578569992795
16 km,17,0.08,3.084745762711864,142.83047643839265
16 km,17,0.08,3.2203389830508478,137.5323511146709
16 km,17,0.08,3.3559322033898304,132.66235713023974
16 km,17,0.08,3.4915254237288136,128.1706151057644
16 km,17,0.08,3.6271186440677967,124.0147042606891
16 km,17,0.08,3.7627118644067794,120.15831852156518
16 km,17,0.08,3.898305084745763,116.57020309472813
16 km,17,0.08,4.033898305084746,113.22330551171206
16 km,17,0.08,4.169491525423728,110.09409232433931
16 km,17,0.08,4.305084745762712,107.16199492829713
16 km,17,0.08,4.4406779661016955,104.40895691521932
16 km,17,0.08,4.576271186440678,101.81906189550914
16 km,17,0.08,4.711864406779661,99.37822558196933
16 km,17,0.08,4.847457627118644,97.07393955170447
16 km,17,0.08,4.983050847457627,94.89505684281453
16 km,17,0.08,5.118644067796611,92.83161162843533
16 km,17,0.08,5.254237288135593,90.87466681221763
16 km,17,0.08,5.389830508474576,89.0161846282625
16 km,17,0.08,5.525423728813559,87.24891629382658
16 km,17,0.08,5.661016949152542,85.56630752032174
16 km,17,0.08,5.796610169491526,83.96241728592827
16 km,17,0.08,5.932203389830509,82.43184774796417
16 km,17,0.08,6.067796610169491,80.96968355247897
16 km,17,0.08,6.203389830508475,79.57143910324444
16 km,17,0.08,6.338983050847458,78.23301259836224
16 km,17,0.08,6.47457627118644,76.95064584237558
16 km,17,0.08,6.610169491525424,75.72088900458326
16 km,17,0.08,6.745762711864407,74.5405696276067
16 km,17,0.08,6.88135593220339,73.40676529996914
16 km,17,0.08,7.016949152542373,72.31677949707118
16 km,17,0.08,7.1525423728813555,71.26812017011248
16 km,17,0.08,7.288135593220339,70.25848072508714
16 km,17,0.08,7.423728813559322,69.28572308627278
16 km,17,0.08,7.559322033898305,68.34786258248312
16 km,17,0.08,7.694915254237288,67.44305443124995
16 km,17,0.08,7.830508474576271,66.56958162724561
16 km,17,0.08,7.966101694915254,65.72584406763292
16 km,17,0.08,8.101694915254237,64.91034876942986
16 km,17,0.08,8.237288135593221,64.12170105306063
16 km,17,0.08,8.372881355932204,63.358596582565724
16 km,17,0.08,8.508474576271187,62.6198141669073
16 km,17,0.08,8.64406779661017,61.904209238798956
16 km,17,0.08,8.779661016949152,61.210707937813645
16 km,17,0.08,8.915254237288135,60.53830173343626
16 km,17,0.08,9.050847457627118,59.88604253143721
16 km,17,0.08,9.186440677966102,59.25303821363003
16 km,17,0.08,9.322033898305085,58.638448566886304
16 km,17,0.08,9.457627118644067,58.04148156234315
16 km,17,0.08,9.593220338983052,57.46138995015454
16 km,17,0.08,9.728813559322035,56.897468139002555
16 km,17,0.08,9.864406779661017,56.34904933296815
16 km,17,0.08,10.0,55.81550290133468
16 km,17,0.09,2.0,214.80019073423034
16 km,17,0.09,2.135593220338983,202.24144846539028
16 km,17,0.09,2.2711864406779663,191.18225751223264
16 km,17,0.09,2.406779661016949,181.36917258196604
16 km,17,0.09,2.542372881355932,172.6028167109278
16 km,17,0.09,2.6779661016949152,164.7241930799948
16 km,17,0.09,2.8135593220338984,157.60495485927214
16 km,17,0.09,2.9491525423728815,151.1403592335585
16 km,17,0.09,3.084745762711864,145.2440797068087
16 km,17,0.09,3.2203389830508478,139.84432898231145
16 km,17,0.09,3.3559322033898304,134.88092175070287
16 km,17,0.09,3.4915254237288136,130.3030218768892
16 km,17,0.09,3.6271186440677967,126.06739489083728
16 km,17,0.09,3.7627118644067794,122.1370383181945
16 km,17,0.09,3.898305084745763,118.48009785495294
16 km,17,0.09,4.033898305084746,115.06900212873605
16 km,17,0.09,4.169491525423728,111.87976628715116
16 km,17,0.09,4.305084745762712,108.89142719149282
16 km,17,0.09,4.4406779661016955,106.08558208640906
16 km,17,0.09,4.576271186440678,103.44600928384882
16 km,17,0.09,4.711864406779661,100.95835434042868
16 km,17,0.09,4.847457627118644,98.60986890433277
16 km,17,0.09,4.983050847457627,96.38919219945298
16 km,17,0.09,5.118644067796611,94.28616724052708
16 km,17,0.09,5.254237288135593,92.29168550528766
16 km,17,0.09,5.389830508474576,90.39755505232444
16 km,17,0.09,5.525423728813559,88.59638805717539
16 km,17,0.09,5.661016949152542,86.88150451089574
16 km,17,0.09,5.796610169491526,85.24684943461746
16 km,17,0.09,5.932203389830509,83.68692144754048
16 km,17,0.09,6.067796610169491,82.19671091239995
16 km,17,0.09,6.203389830508475,80.77164619300322
16 km,17,0.09,6.338983050847458,79.40754680919565
16 km,17,0.09,6.47457627118644,78.10058247811304
16 km,17,0.09,6.610169491525424,76.8472371965107
16 km,17,0.09,6.745762711864407,75.64427765487231
16 km,17,0.09,6.88135593220339,74.48872538581078
16 km,17,0.09,7.016949152542373,73.37783214164052
16 km,17,0.09,7.1525423728813555,72.30905807260469
16 km,17,0.09,7.288135593220339,71.28005234102135
16 km,17,0.09,7.423728813559322,70.28863585990679
16 km,17,0.09,7.559322033898305,69.33278588932549
16 km,17,0.09,7.694915254237288,68.4106222613198
16 km,17,0.09,7.830508474576271,67.52039503601554
16 km,17,0.09,7.966101694915254,66.66047341838123
16 km,17,0.09,8.101694915254237,65.82933578794807
16 km,17,0.09,8.237288135593221,65.02556071324933
16 km,17,0.09,8.372881355932204,64.24781883935056
16 km,17,0.09,8.508474576271187,63.49486555107406
16 km,17,0.09,8.64406779661017,62.76553432674347
16 km,17,0.09,8.779661016949152,62.05873070779763
16 km,17,0.09,8.915254237288135,61.37342681870567
16 km,17,0.09,9.050847457627118,60.70865637947411
16 km,17,0.09,9.186440677966102,60.063510159850885
16 km,17,0.09,9.322033898305085,59.43713183025304
16 km,17,0.09,9.457627118644067,58.828714169604254
16 km,17,0.09,9.593220338983052,58.23749559476886
16 km,17,0.09,9.728813559322035,57.66275698020763
16 km,17,0.09,9.864406779661017,57.10381873992986
16 km,17,0.09,10.0,56.56003814684606
24 km,22,0.05,2.0,205.49589838019375
24 km,22,0.05,2.135593220338983,193.84536514970526
24 km,22,0.05,2.2711864406779663,183.58594036464825
24 km,22,0.05,2.406779661016949,174.48250710466806
24 km,22,0.05,2.542372881355932,166.35010672575245
24 km,22,0.05,2.6779661016949152,159.04124056242318
24 km,22,0.05,2.8135593220338984,152.43684342688474
24 km,22,0.05,2.9491525423728815,146.4397471773728
24 km,22,0.05,3.084745762711864,140.96986818056521
24 km,22,0.05,3.2203389830508478,135.96061057296245
24 km,22,0.05,3.3559322033898304,131.35614145890338
24 km,22,0.05,3.4915254237288136,127.10930101389741
24 km,22,0.05,3.6271186440677967,123.17998134982649
24 km,22,0.05,3.7627118644067794,119.53385589577869
24 km,22,0.05,3.898305084745763,116.14137395157769
24 km,22,0.05,4.033898305084746,112.9769580204322
24 km,22,0.05,4.169491525423728,110.01835775960514
24 km,22,0.05,4.305084745762712,107.24612601914517
24 km,22,0.05,4.4406779661016955,104.64319087352237
24 km,22,0.05,4.576271186440678,102.19450373652914
24 km,22,0.05,4.711864406779661,99.88674823331966
24 km,22,0.05,4.847457627118644,97.70809793308693
24 km,22,0.05,4.983050847457627,95.64801363558796
24 km,22,0.05,5.118644067796611,93.69707287702934
24 km,22,0.05,5.254237288135593,91.84682583504149
24 km,22,0.05,5.389830508474576,90.08967298384549
24 km,22,0.05,5.525423728813559,88.41876076338302
24 km,22,0.05,5.661016949152542,86.82789224210438
24 km,22,0.05,5.796610169491526,85.31145031831247
24 km,22,0.05,5.932203389830509,83.8643314538939
24 km,22,0.05,6.067796610169491,82.48188829291304
24 km,22,0.05,6.203389830508475,81.15987980563625
24 km,22,0.05,6.338983050847458,79.89442783118412
24 km,22,0.05,6.47457627118644,78.68197908079286
24 km,22,0.05,6.610169491525424,77.5192718175971
24 km,22,0.05,6.745762711864407,76.40330655493182
24 km,22,0.05,6.88135593220339,75.33132021887403
24 km,22,0.05,7.016949152542373,74.30076330643206
24 km,22,0.05,7.1525423728813555,73.30927964185513
24 km,22,0.05,7.288135593220339,72.35468839270435
24 km,22,0.05,7.423728813559322,71.43496805676453
24 km,22,0.05,7.559322033898305,70.54824217233826
24 km,22,0.05,7.694915254237288,69.69276653934551
24 km,22,0.05,7.830508474576271,68.86691776810144
24 km,22,0.05,7.966101694915254,68.06918299758055
24 km,22,0.05,8.101694915254237,67.29815064615661
24 km,22,0.05,8.237288135593221,66.5525020758495
24 km,22,0.05,8.372881355932204,65.83100406652402
24 km,22,0.05,8.508474576271187,65.13250200968697
24 km,22,0.05,8.64406779661017,64.45591374286836
24 km,22,0.05,8.779661016949152,63.800223955333706
24 km,22,0.05,8.915254237288135,63.164479104302025
24 km,22,0.05,9.050847457627118,62.547782788132714
24 km,22,0.05,9.186440677966102,61.949291529267285
24 km,22,0.05,9.322033898305085,61.368210925205204
24 km,22,0.05,9.457627118644067,60.803792130578614
24 km,22,0.05,9.593220338983052,60.25532863756689
24 km,22,0.05,9.728813559322035,59.722153325545065
24 km,22,0.05,9.864406779661017,59.20363575405991
24 km,22,0.05,10.0,58.69917967603877
24 km,22,0.06,2.0,208.92494090773928
24 km,22,0.06,2.135593220338983,197.05669069137485
24 km,22,0.06,2.2711864406779663,186.605544978457
24 km,22,0.06,2.406779661016949,177.33199314868477
24 km,22,0.06,2.542372881355932,169.0476201807549
24 km,22,0.06,2.6779661016949152,161.60217105767873
24 km,22,0.06,2.8135593220338984,154.87435558501952
24 km,22,0.06,2.9491525423728815,148.7651898109956
24 km,22,0.06,3.084745762711864,143.19309355556723
24 km,22,0.06,3.2203389830508478,138.09022645849072
24 km,22,0.06,3.3559322033898304,133.39971225814767
24 km,22,0.06,3.4915254237288136,129.0735098403555
24 km,22,0.06,3.6271186440677967,125.07076180894036
24 km,22,0.06,3.7627118644067794,121.35650012213169
24 km,22,0.06,3.898305084745763,117.90062185701409
24 km,22,0.06,4.033898305084746,114.67707154249258
24 km,22,0.06,4.169491525423728,111.66318303704568
24 km,22,0.06,4.305084745762712,108.83914577603636
24 km,22,0.06,4.4406779661016955,106.1875688057757
24 km,22,0.06,4.576271186440678,103.6931223226416
24 km,22,0.06,4.711864406779661,101.34224110472385
24 km,22,0.06,4.847457627118644,99.12287771717916
24 km,22,0.06,4.983050847457627,97.02429601058924
24 km,22,0.06,5.118644067796611,95.03689744077231
24 km,22,0.06,5.254237288135593,93.15207428101046
24 km,22,0.06,5.389830508474576,91.36208499092214
24 km,22,0.06,5.525423728813559,89.65994793593016
24 km,22,0.06,5.661016949152542,88.03935038057855
24 km,22,0.06,5.796610169491526,86.49457025471706
24 km,22,0.06,5.932203389830509,85.02040864889496
24 km,22,0.06,6.067796610169491,83.61213136065152
24 km,22,0.06,6.203389830508475,82.26541810686678
24 km,22,0.06,6.338983050847458,80.97631825431348
24 km,22,0.06,6.47457627118644,79.74121211286189
24 km,22,0.06,6.610169491525424,78.55677699259805
24 km,22,0.06,6.745762711864407,77.41995735455588
24 km,22,0.06,6.88135593220339,76.32793849042669
24 km,22,0.06,7.016949152542373,75.27812325389672
24 km,22,0.06,7.1525423728813555,74.26811143865696
24 km,22,0.06,7.288135593220339,73.29568145840288
24 km,22,0.06,7.423728813559322,72.35877403450513
24 km,22,0.06,7.559322033898305,71.45547763926734
24 km,22,0.06,7.694915254237288,70.584015478223
24 km,22,0.06,7.830508474576271,69.74273382492042
24 km,22,0.06,7.966101694915254,68.93009154704944
24 km,22,0.06,8.101694915254237,68.14465068433731
24 km,22,0.06,8.237288135593221,67.38506795702311
24 km,22,0.06,8.372881355932204,66.65008709941951
24 km,22,0.06,8.508474576271187,65.93853192652041
24 km,22,0.06,8.64406779661017,65.2493000531632
24 km,22,0.06,8.779661016949152,64.58135719519932
24 km,22,0.06,8.915254237288135,63.93373199070959
24 km,22,0.06,9.050847457627118,63.305511286728915
24 km,22,0.06,9.186440677966102,62.69583584338236
24 km,22,0.06,9.322033898305085,62.10389641293316
24 km,22,0.06,9.457627118644067,61.52893015611692
24 km,22,0.06,9.593220338983052,60.970217362390876
24 km,22,0.06,9.728813559322035,60.427078444448156
24 km,22,0.06,9.864406779661017,59.89887118060694
24 km,22,0.06,10.0,59.38498818154787
24 km,22,0.07,2.0,212.452277368036
24 km,22,0.07,2.135593220338983,200.36006928117655
24 km,22,0.07,2.2711864406779663,189.7117069360317
24 km,22,0.07,2.406779661016949,180.26316006639613
24 km,22,0.07,2.542372881355932,171.82245819618834
24 km,22,0.07,2.6779661016949152,164.23651094574842
24 km,22,0.07,2.8135593220338984,157.3817393339051
24 km,22,0.07,2.9491525423728815,151.1572915484382
24 km,22,0.07,3.084745762711864,145.48004796389148
24 km,22,0.07,3.2203389830508478,140.28088804962238
24 km,22,0.07,3.3559322033898304,135.50186226983965
24 km,22,0.07,3.4915254237288136,131.09402295838953
24 km,22,0.07,3.6271186440677967,127.0157417263002
24 km,22,0.07,3.7627118644067794,123.23139067310022
24 km,22,0.07,3.898305084745763,119.71029882360106
24 km,22,0.07,4.033898305084746,116.42591903121114
24 km,22,0.07,4.169491525423728,113.35515743670018
24 km,22,0.07,4.305084745762712,110.47782964341832
24 km,22,0.07,4.4406779661016955,107.7762165245353
24 km,22,0.07,4.576271186440678,105.23469899788238
24 km,22,0.07,4.711864406779661,102.83945586125269
24 km,22,0.07,4.847457627118644,100.57821234065823
24 km,22,0.07,4.983050847457627,98.4400296919328
24 km,22,0.07,5.118644067796611,96.4151282431399
24 km,22,0.07,5.254237288135593,94.49473783686534
24 km,22,0.07,5.389830508474576,92.67097084725864
24 km,22,0.07,5.525423728813559,90.93671389395169
24 km,22,0.07,5.661016949152542,89.28553511804866
24 km,22,0.07,5.796610169491526,87.71160447201243
24 km,22,0.07,5.932203389830509,86.20962494122355
24 km,22,0.07,6.067796610169491,84.77477298722975
24 km,22,0.07,6.203389830508475,83.40264680171653
24 km,22,0.07,6.338983050847458,82.08922120167982
24 km,22,0.07,6.47457627118644,80.83080819222056
24 km,22,0.07,6.610169491525424,79.62402238314935
24 km,22,0.07,6.745762711864407,78.46575057645288
24 km,22,0.07,6.88135593220339,77.35312494933065
24 km,22,0.07,7.016949152542373,76.28349934644505
24 km,22,0.07,7.1525423728813555,75.25442826878732
24 km,22,0.07,7.288135593220339,74.26364820797266
24 km,22,0.07,7.423728813559322,73.30906102609187
24 km,22,0.07,7.559322033898305,72.38871912427858
24 km,22,0.07,7.694915254237288,71.5008121793574
24 km,22,0.07,7.830508474576271,70.6436552585027
24 km,22,0.07,7.966101694915254,69.81567814771965
24 km,22,0.07,8.101694915254237,69.01541575194194
24 km,22,0.07,8.237288135593221,68.241499443268
24 km,22,0.07,8.372881355932204,67.49264924985475
24 km,22,0.07,8.508474576271187,66.76766679168973
24 km,22,0.07,8.64406779661017,66.06542888123185
24 km,22,0.07,8.779661016949152,65.38488171704294
24 km,22,0.07,8.915254237288135,64.72503560727804
24 km,22,0.07,9.050847457627118,64.08496016746862
24 km,22,0.07,9.186440677966102,63.46377994359456
24 km,22,0.07,9.322033898305085,62.860670417142266
24 km,22,0.07,9.457627118644067,62.27485435381407
24 km,22,0.07,9.593220338983052,61.705598461887355
24 km,22,0.07,9.728813559322035,61.15221033001438
24 km,22,0.07,9.864406779661017,60.6140356175743
24 km,22,0.07,10.0,60.0904554736072
24 km,22,0.08,2.0,216.07751450667342
24 km,22,0.08,2.135593220338983,203.75513263323384
24 km,22,0.08,2.2711864406779663,192.90407993871244
24 km,22,0.08,2.406779661016949,183.27568106892585
24 km,22,0.08,2.542372881355932,174.67431141191645
24 km,22,0.08,2.6779661016949152,166.94396653030043
24 km,22,0.08,2.8135593220338984,159.95871513124976
24 km,22,0.08,2.9491525423728815,153.61578569992795
24 km,22,0.08,3.084745762711864,147.83047643839265
24 km,22,0.08,3.2203389830508478,142.53235111467086
24 km,22,0.08,3.3559322033898304,137.66235713023977
24 km,22,0.08,3.4915254237288136,133.1706151057644
24 km,22,0.08,3.6271186440677967,129.01470426068911
24 km,22,0.08,3.7627118644067794,125.15831852156516
24 km,22,0.08,3.898305084745763,121.57020309472811
24 km,22,0.08,4.033898305084746,118.22330551171201
24 km,22,0.08,4.169491525423728,115.09409232433931
24 km,22,0.08,4.305084745762712,112.16199492829715
24 km,22,0.08,4.4406779661016955,109.40895691521933
24 km,22,0.08,4.576271186440678,106.81906189550912
24 km,22,0.08,4.711864406779661,104.37822558196932
24 km,22,0.08,4.847457627118644,102.07393955170443
24 km,22,0.08,4.983050847457627,99.89505684281451
24 km,22,0.08,5.118644067796611,97.83161162843531
24 km,22,0.08,5.254237288135593,95.87466681221764
24 km,22,0.08,5.389830508474576,94.01618462826248
24 km,22,0.08,5.525423728813559,92.24891629382658
24 km,22,0.08,5.661016949152542,90.56630752032176
24 km,22,0.08,5.796610169491526,88.96241728592827
24 km,22,0.08,5.932203389830509,87.43184774796417
24 km,22,0.08,6.067796610169491,85.96968355247898
24 km,22,0.08,6.203389830508475,84.57143910324446
24 km,22,0.08,6.338983050847458,83.23301259836222
24 km,22,0.08,6.47457627118644,81.95064584237558
24 km,22,0.08,6.610169491525424,80.72088900458326
24 km,22,0.08,6.745762711864407,79.5405696276067
24 km,22,0.08,6.88135593220339,78.40676529996914
24 km,22,0.08,7.016949152542373,77.3167794970712
24 km,22,0.08,7.1525423728813555,76.2681201701125
24 km,22,0.08,7.288135593220339,75.25848072508713
24 km,22,0.08,7.423728813559322,74.28572308627277
24 km,22,0.08,7.559322033898305,73.3478625824831
24 km,22,0.08,7.694915254237288,72.44305443124992
24 km,22,0.08,7.830508474576271,71.5695816272456
24 km,22,0.08,7.966101694915254,70.7258440676329
24 km,22,0.08,8.101694915254237,69.91034876942985
24 km,22,0.08,8.237288135593221,69.12170105306063
24 km,22,0.08,8.372881355932204,68.35859658256572
24 km,22,0.08,8.508474576271187,67.61981416690732
24 km,22,0.08,8.64406779661017,66.90420923879896
24 km,22,0.08,8.779661016949152,66.21070793781364
24 km,22,0.08,8.915254237288135,65.53830173343624
24 km,22,0.08,9.050847457627118,64.88604253143721
24 km,22,0.08,9.186440677966102,64.25303821363
24 km,22,0.08,9.322033898305085,63.63844856688631
24 km,22,0.08,9.457627118644067,63.04148156234313
24 km,22,0.08,9.593220338983052,62.46138995015452
24 km,22,0.08,9.728813559322035,61.89746813900257
24 km,22,0.08,9.864406779661017,61.34904933296816
24 km,22,0.08,10.0,60.815502901334696
24 km,22,0.09,2.0,219.80019073423028
24 km,22,0.09,2.135593220338983,207.24144846539028
24 km,22,0.09,2.2711864406779663,196.18225751223264
24 km,22,0.09,2.406779661016949,186.36917258196604
24 km,22,0.09,2.542372881355932,177.60281671092787
24 km,22,0.09,2.6779661016949152,169.72419307999476
24 km,22,0.09,2.8135593220338984,162.60495485927214
24 km,22,0.09,2.9491525423728815,156.14035923355848
24 km,22,0.09,3.084745762711864,150.2440797068087
24 km,22,0.09,3.2203389830508478,144.84432898231145
24 km,22,0.09,3.3559322033898304,139.88092175070292
24 km,22,0.09,3.4915254237288136,135.30302187688918
24 km,22,0.09,3.6271186440677967,131.06739489083728
24 km,22,0.09,3.7627118644067794,127.13703831819451
24 km,22,0.09,3.898305084745763,123.48009785495294
24 km,22,0.09,4.033898305084746,120.06900212873605
24 km,22,0.09,4.169491525423728,116.87976628715109
24 km,22,0.09,4.305084745762712,113.89142719149282
24 km,22,0.09,4.4406779661016955,111.08558208640905
24 km,22,0.09,4.576271186440678,108.44600928384881
24 km,22,0.09,4.711864406779661,105.9583543404287
24 km,22,0.09,4.847457627118644,103.60986890433279
24 km,22,0.09,4.983050847457627,101.38919219945295
24 km,22,0.09,5.118644067796611,99.28616724052706
24 km,22,0.09,5.254237288135593,97.29168550528767
24 km,22,0.09,5.389830508474576,95.39755505232444
24 km,22,0.09,5.525423728813559,93.59638805717537
24 km,22,0.09,5.661016949152542,91.88150451089574
24 km,22,0.09,5.796610169491526,90.24684943461747
24 km,22,0.09,5.932203389830509,88.6869214475405
24 km,22,0.09,6.067796610169491,87.19671091239994
24 km,22,0.09,6.203389830508475,85.77164619300322
24 km,22,0.09,6.338983050847458,84.40754680919567
24 km,22,0.09,6.47457627118644,83.10058247811303
24 km,22,0.09,6.610169491525424,81.84723719651072
24 km,22,0.09,6.745762711864407,80.6442776548723
24 km,22,0.09,6.88135593220339,79.48872538581077
24 km,22,0.09,7.016949152542373,78.37783214164054
24 km,22,0.09,7.1525423728813555,77.30905807260469
24 km,22,0.09,7.288135593220339,76.28005234102133
24 km,22,0.09,7.423728813559322,75.2886358599068
24 km,22,0.09,7.559322033898305,74.3327858893255
24 km,22,0.09,7.694915254237288,73.41062226131977
24 km,22,0.09,7.830508474576271,72.52039503601553
24 km,22,0.09,7.966101694915254,71.66047341838123
24 km,22,0.09,8.101694915254237,70.82933578794808
24 km,22,0.09,8.237288135593221,70.02556071324932
24 km,22,0.09,8.372881355932204,69.24781883935056
24 km,22,0.09,8.508474576271187,68.49486555107408
24 km,22,0.09,8.64406779661017,67.76553432674346
24 km,22,0.09,8.779661016949152,67.05873070779764
24 km,22,0.09,8.915254237288135,66.37342681870567
24 km,22,0.09,9.050847457627118,65.7086563794741
24 km,22,0.09,9.186440677966102,65.06351015985088
24 km,22,0.09,9.322033898305085,64.43713183025304
24 km,22,0.09,9.457627118644067,63.82871416960427
24 km,22,0.09,9.593220338983052,63.237495594768866
24 km,22,0.09,9.728813559322035,62.66275698020764
24 km,22,0.09,9.864406779661017,62.103818739929864
24 km,22,0.09,10.0,61.56003814684606
32 km,29,0.05,2.0,212.49589838019378
32 km,29,0.05,2.135593220338983,200.84536514970526
32 km,29,0.05,2.2711864406779663,190.58594036464822
32 km,29,0.05,2.406779661016949,181.48250710466806
32 km,29,0.05,2.542372881355932,173.35010672575245
32 km,29,0.05,2.6779661016949152,166.0412405624232
32 km,29,0.05,2.8135593220338984,159.43684342688476
32 km,29,0.05,2.9491525423728815,153.4397471773728
32 km,29,0.05,3.084745762711864,147.96986818056521
32 km,29,0.05,3.2203389830508478,142.96061057296245
32 km,29,0.05,3.3559322033898304,138.35614145890335
32 km,29,0.05,3.4915254237288136,134.1093010138974
32 km,29,0.05,3.6271186440677967,130.17998134982645
32 km,29,0.05,3.7627118644067794,126.53385589577867
32 km,29,0.05,3.898305084745763,123.14137395157766
32 km,29,0.05,4.033898305084746,119.9769580204322
32 km,29,0.05,4.169491525423728,117.01835775960515
32 km,29,0.05,4.305084745762712,114.24612601914512
32 km,29,0.05,4.4406779661016955,111.64319087352237
32 km,29,0.05,4.576271186440678,109.19450373652913
32 km,29,0.05,4.711864406779661,106.88674823331966
32 km,29,0.05,4.847457627118644,104.70809793308693
32 km,29,0.05,4.983050847457627,102.64801363558796
32 km,29,0.05,5.118644067796611,100.69707287702936
32 km,29,0.05,5.254237288135593,98.84682583504151
32 km,29,0.05,5.389830508474576,97.08967298384549
32 km,29,0.05,5.525423728813559,95.41876076338302
32 km,29,0.05,5.661016949152542,93.8278922421044
32 km,29,0.05,5.796610169491526,92.31145031831245
32 km,29,0.05,5.932203389830509,90.8643314538939
32 km,29,0.05,6.067796610169491,89.48188829291304
32 km,29,0.05,6.203389830508475,88.15987980563624
32 km,29,0.05,6.338983050847458,86.89442783118413
32 km,29,0.05,6.47457627118644,85.68197908079284
32 km,29,0.05,6.610169491525424,84.5192718175971
32 km,29,0.05,6.745762711864407,83.40330655493182
32 km,29,0.05,6.88135593220339,82.33132021887404
32 km,29,0.05,7.016949152542373,81.30076330643203
32 km,29,0.05,7.1525423728813555,80.30927964185513
32 km,29,0.05,7.288135593220339,79.35468839270432
32 km,29,0.05,7.423728813559322,78.43496805676453
32 km,29,0.05,7.559322033898305,77.54824217233825
32 km,29,0.05,7.694915254237288,76.69276653934553
32 km,29,0.05,7.830508474576271,75.86691776810144
32 km,29,0.05,7.966101694915254,75.06918299758057
32 km,29,0.05,8.101694915254237,74.29815064615661
32 km,29,0.05,8.237288135593221,73.55250207584952
32 km,29,0.05,8.372881355932204,72.831004066524
32 km,29,0.05,8.508474576271187,72.13250200968697
32 km,29,0.05,8.64406779661017,71.45591374286836
32 km,29,0.05,8.779661016949152,70.80022395533372
32 km,29,0.05,8.915254237288135,70.16447910430203
32 km,29,0.05,9.050847457627118,69.54778278813271
32 km,29,0.05,9.186440677966102,68.94929152926728
32 km,29,0.05,9.322033898305085,68.36821092520522
32 km,29,0.05,9.457627118644067,67.80379213057861
32 km,29,0.05,9.593220338983052,67.2553286375669
32 km,29,0.05,9.728813559322035,66.72215332554504
32 km,29,0.05,9.864406779661017,66.20363575405992
32 km,29,0.05,10.0,65.69917967603874
32 km,29,0.06,2.0,215.9249409077393
32 km,29,0.06,2.135593220338983,204.0566906913749
32 km,29,0.06,2.2711864406779663,193.605544978457
32 km,29,0.06,2.406779661016949,184.33199314868477
32 km,29,0.06,2.542372881355932,176.04762018075496
32 km,29,0.06,2.6779661016949152,168.60217105767873
32 km,29,0.06,2.8135593220338984,161.8743555850195
32 km,29,0.06,2.9491525423728815,155.76518981099565
32 km,29,0.06,3.084745762711864,150.19309355556726
32 km,29,0.06,3.2203389830508478,145.09022645849072
32 km,29,0.06,3.3559322033898304,140.39971225814764
32 km,29,0.06,3.4915254237288136,136.0735098403555
32 km,29,0.06,3.6271186440677967,132.07076180894038
32 km,29,0.06,3.7627118644067794,128.3565001221317
32 km,29,0.06,3.898305084745763,124.90062185701407
32 km,29,0.06,4.033898305084746,121.67707154249258
32 km,29,0.06,4.169491525423728,118.66318303704568
32 km,29,0.06,4.305084745762712,115.83914577603637
32 km,29,0.06,4.4406779661016955,113.1875688057757
32 km,29,0.06,4.576271186440678,110.69312232264163
32 km,29,0.06,4.711864406779661,108.3422411047239
32 km,29,0.06,4.847457627118644,106.12287771717915
32 km,29,0.06,4.983050847457627,104.02429601058921
32 km,29,0.06,5.118644067796611,102.03689744077231
32 km,29,0.06,5.254237288135593,100.15207428101044
32 km,29,0.06,5.389830508474576,98.36208499092211
32 km,29,0.06,5.525423728813559,96.65994793593018
32 km,29,0.06,5.661016949152542,95.03935038057855
32 km,29,0.06,5.796610169491526,93.49457025471708
32 km,29,0.06,5.932203389830509,92.02040864889496
32 km,29,0.06,6.067796610169491,90.61213136065147
32 km,29,0.06,6.203389830508475,89.26541810686675
32 km,29,0.06,6.338983050847458,87.97631825431347
32 km,29,0.06,6.47457627118644,86.74121211286187
32 km,29,0.06,6.610169491525424,85.55677699259806
32 km,29,0.06,6.745762711864407,84.41995735455588
32 km,29,0.06,6.88135593220339,83.3279384904267
32 km,29,0.06,7.016949152542373,82.27812325389672
32 km,29,0.06,7.1525423728813555,81.26811143865694
32 km,29,0.06,7.288135593220339,80.2956814584029
32 km,29,0.06,7.423728813559322,79.3587740345051
32 km,29,0.06,7.559322033898305,78.45547763926734
32 km,29,0.06,7.694915254237288,77.58401547822301
32 km,29,0.06,7.830508474576271,76.74273382492042
32 km,29,0.06,7.966101694915254,75.93009154704944
32 km,29,0.06,8.101694915254237,75.1446506843373
32 km,29,0.06,8.237288135593221,74.3850679570231
32 km,29,0.06,8.372881355932204,73.65008709941951
32 km,29,0.06,8.508474576271187,72.93853192652038
32 km,29,0.06,8.64406779661017,72.24930005316321
32 km,29,0.06,8.779661016949152,71.5813571951993
32 km,29,0.06,8.915254237288135,70.93373199070959
32 km,29,0.06,9.050847457627118,70.30551128672892
32 km,29,0.06,9.186440677966102,69.69583584338235
32 km,29,0.06,9.322033898305085,69.10389641293317
32 km,29,0.06,9.457627118644067,68.52893015611691
32 km,29,0.06,9.593220338983052,67.97021736239085
32 km,29,0.06,9.728813559322035,67.42707844444816
32 km,29,0.06,9.864406779661017,66.89887118060693
32 km,29,0.06,10.0,66.38498818154788
32 km,29,0.07,2.0,219.45227736803602
32 km,29,0.07,2.135593220338983,207.36006928117655
32 km,29,0.07,2.2711864406779663,196.7117069360317
32 km,29,0.07,2.406779661016949,187.26316006639613
32 km,29,0.07,2.542372881355932,178.82245819618834
32 km,29,0.07,2.6779661016949152,171.23651094574842
32 km,29,0.07,2.8135593220338984,164.3817393339051
32 km,29,0.07,2.9491525423728815,158.1572915484382
32 km,29,0.07,3.084745762711864,152.48004796389148
32 km,29,0.07,3.2203389830508478,147.28088804962235
32 km,29,0.07,3.3559322033898304,142.50186226983965
32 km,29,0.07,3.4915254237288136,138.09402295838953
32 km,29,0.07,3.6271186440677967,134.01574172630023
32 km,29,0.07,3.7627118644067794,130.2313906731002
32 km,29,0.07,3.898305084745763,126.71029882360106
32 km,29,0.07,4.033898305084746,123.4259190312111
32 km,29,0.07,4.169491525423728,120.35515743670021
32 km,29,0.07,4.305084745762712,117.47782964341829
32 km,29,0.07,4.4406779661016955,114.77621652453527
32 km,29,0.07,4.576271186440678,112.2346989978824
32 km,29,0.07,4.711864406779661,109.83945586125269
32 km,29,0.07,4.847457627118644,107.57821234065823
32 km,29,0.07,4.983050847457627,105.4400296919328
32 km,29,0.07,5.118644067796611,103.41512824313988
32 km,29,0.07,5.254237288135593,101.49473783686533
32 km,29,0.07,5.389830508474576,99.67097084725864
32 km,29,0.07,5.525423728813559,97.93671389395168
32 km,29,0.07,5.661016949152542,96.28553511804864
32 km,29,0.07,5.796610169491526,94.71160447201241
32 km,29,0.07,5.932203389830509,93.20962494122355
32 km,29,0.07,6.067796610169491,91.77477298722974
32 km,29,0.07,6.203389830508475,90.40264680171654
32 km,29,0.07,6.338983050847458,89.0892212016798
32 km,29,0.07,6.47457627118644,87.83080819222053
32 km,29,0.07,6.610169491525424,86.62402238314937
32 km,29,0.07,6.745762711864407,85.46575057645288
32 km,29,0.07,6.88135593220339,84.35312494933066
32 km,29,0.07,7.016949152542373,83.28349934644504
32 km,29,0.07,7.1525423728813555,82.25442826878734
32 km,29,0.07,7.288135593220339,81.26364820797266
32 km,29,0.07,7.423728813559322,80.30906102609188
32 km,29,0.07,7.559322033898305,79.38871912427858
32 km,29,0.07,7.694915254237288,78.50081217935738
32 km,29,0.07,7.830508474576271,77.64365525850269
32 km,29,0.07,7.966101694915254,76.81567814771967
32 km,29,0.07,8.101694915254237,76.01541575194193
32 km,29,0.07,8.237288135593221,75.241499443268
32 km,29,0.07,8.372881355932204,74.49264924985478
32 km,29,0.07,8.508474576271187,73.76766679168973
32 km,29,0.07,8.64406779661017,73.06542888123187
32 km,29,0.07,8.779661016949152,72.38488171704294
32 km,29,0.07,8.915254237288135,71.72503560727804
32 km,29,0.07,9.050847457627118,71.08496016746862
32 km,29,0.07,9.186440677966102,70.46377994359456
32 km,29,0.07,9.322033898305085,69.86067041714226
32 km,29,0.07,9.457627118644067,69.27485435381406
32 km,29,0.07,9.593220338983052,68.70559846188735
32 km,29,0.07,9.728813559322035,68.15221033001436
32 km,29,0.07,9.864406779661017,67.61403561757433
32 km,29,0.07,10.0,67.09045547360722
32 km,29,0.08,2.0,223.07751450667348
32 km,29,0.08,2.135593220338983,210.75513263323384
32 km,29,0.08,2.2711864406779663,199.90407993871244
32 km,29,0.08,2.406779661016949,190.27568106892582
32 km,29,0.08,2.542372881355932,181.6743114119165
32 km,29,0.08,2.6779661016949152,173.94396653030043
32 km,29,0.08,2.8135593220338984,166.9587151312498
32 km,29,0.08,2.9491525423728815,160.61578569992795
32 km,29,0.08,3.084745762711864,154.83047643839268
32 km,29,0.08,3.2203389830508478,149.53235111467086
32 km,29,0.08,3.3559322033898304,144.66235713023974
32 km,29,0.08,3.4915254237288136,140.1706151057644
32 km,29,0.08,3.6271186440677967,136.0147042606891
32 km,29,0.08,3.7627118644067794,132.15831852156518
32 km,29,0.08,3.898305084745763,128.57020309472813
32 km,29,0.08,4.033898305084746,125.22330551171204
32 km,29,0.08,4.169491525423728,122.0940923243393
32 km,29,0.08,4.305084745762712,119.16199492829713
32 km,29,0.08,4.4406779661016955,116.40895691521932
32 km,29,0.08,4.576271186440678,113.81906189550912
32 km,29,0.08,4.711864406779661,111.37822558196932
32 km,29,0.08,4.847457627118644,109.07393955170444
32 km,29,0.08,4.983050847457627,106.8950568428145
32 km,29,0.08,5.118644067796611,104.83161162843531
32 km,29,0.08,5.254237288135593,102.87466681221764
32 km,29,0.08,5.389830508474576,101.01618462826247
32 km,29,0.08,5.525423728813559,99.2489162938266
32 km,29,0.08,5.661016949152542,97.56630752032177
32 km,29,0.08,5.796610169491526,95.96241728592825
32 km,29,0.08,5.932203389830509,94.4318477479642
32 km,29,0.08,6.067796610169491,92.96968355247895
32 km,29,0.08,6.203389830508475,91.57143910324443
32 km,29,0.08,6.338983050847458,90.23301259836221
32 km,29,0.08,6.47457627118644,88.9506458423756
32 km,29,0.08,6.610169491525424,87.72088900458326
32 km,29,0.08,6.745762711864407,86.54056962760669
32 km,29,0.08,6.88135593220339,85.40676529996912
32 km,29,0.08,7.016949152542373,84.31677949707117
32 km,29,0.08,7.1525423728813555,83.26812017011248
32 km,29,0.08,7.288135593220339,82.25848072508713
32 km,29,0.08,7.423728813559322,81.28572308627277
32 km,29,0.08,7.559322033898305,80.3478625824831
32 km,29,0.08,7.694915254237288,79.44305443124992
32 km,29,0.08,7.830508474576271,78.56958162724561
32 km,29,0.08,7.966101694915254,77.72584406763289
32 km,29,0.08,8.101694915254237,76.91034876942985
32 km,29,0.08,8.237288135593221,76.12170105306063
32 km,29,0.08,8.372881355932204,75.35859658256572
32 km,29,0.08,8.508474576271187,74.61981416690732
32 km,29,0.08,8.64406779661017,73.90420923879894
32 km,29,0.08,8.779661016949152,73.21070793781364
32 km,29,0.08,8.915254237288135,72.53830173343623
32 km,29,0.08,9.050847457627118,71.88604253143721
32 km,29,0.08,9.186440677966102,71.25303821363002
32 km,29,0.08,9.322033898305085,70.6384485668863
32 km,29,0.08,9.457627118644067,70.04148156234314
32 km,29,0.08,9.593220338983052,69.46138995015453
32 km,29,0.08,9.728813559322035,68.89746813900256
32 km,29,0.08,9.864406779661017,68.34904933296816
32 km,29,0.08,10.0,67.8155029013347
32 km,29,0.09,2.0,226.8001907342303
32 km,29,0.09,2.135593220338983,214.24144846539025
32 km,29,0.09,2.2711864406779663,203.18225751223264
32 km,29,0.09,2.406779661016949,193.36917258196598
32 km,29,0.09,2.542372881355932,184.60281671092787
32 km,29,0.09,2.6779661016949152,176.7241930799948
32 km,29,0.09,2.8135593220338984,169.60495485927214
32 km,29,0.09,2.9491525423728815,163.14035923355846
32 km,29,0.09,3.084745762711864,157.24407970680866
32 km,29,0.09,3.2203389830508478,151.84432898231145
32 km,29,0.09,3.3559322033898304,146.8809217507029
32 km,29,0.09,3.4915254237288136,142.3030218768892
32 km,29,0.09,3.6271186440677967,138.06739489083728
32 km,29,0.09,3.7627118644067794,134.13703831819447
32 km,29,0.09,3.898305084745763,130.48009785495293
32 km,29,0.09,4.033898305084746,127.06900212873603
32 km,29,0.09,4.169491525423728,123.87976628715113
32 km,29,0.09,4.305084745762712,120.89142719149281
32 km,29,0.09,4.4406779661016955,118.08558208640905
32 km,29,0.09,4.576271186440678,115.44600928384881
32 km,29,0.09,4.711864406779661,112.9583543404287
32 km,29,0.09,4.847457627118644,110.60986890433281
32 km,29,0.09,4.983050847457627,108.38919219945299
32 km,29,0.09,5.118644067796611,106.28616724052708
32 km,29,0.09,5.254237288135593,104.29168550528769
32 km,29,0.09,5.389830508474576,102.39755505232445
32 km,29,0.09,5.525423728813559,100.59638805717542
32 km,29,0.09,5.661016949152542,98.88150451089574
32 km,29,0.09,5.796610169491526,97.24684943461747
32 km,29,0.09,5.932203389830509,95.68692144754053
32 km,29,0.09,6.067796610169491,94.19671091239995
32 km,29,0.09,6.203389830508475,92.77164619300322
32 km,29,0.09,6.338983050847458,91.40754680919567
32 km,29,0.09,6.47457627118644,90.10058247811303
32 km,29,0.09,6.610169491525424,88.8472371965107
32 km,29,0.09,6.745762711864407,87.6442776548723
32 km,29,0.09,6.88135593220339,86.48872538581077
32 km,29,0.09,7.016949152542373,85.37783214164051
32 km,29,0.09,7.1525423728813555,84.3090580726047
32 km,29,0.09,7.288135593220339,83.28005234102133
32 km,29,0.09,7.423728813559322,82.28863585990679
32 km,29,0.09,7.559322033898305,81.3327858893255
32 km,29,0.09,7.694915254237288,80.41062226131979
32 km,29,0.09,7.830508474576271,79.52039503601556
32 km,29,0.09,7.966101694915254,78.6604734183812
32 km,29,0.09,8.101694915254237,77.82933578794807
32 km,29,0.09,8.237288135593221,77.02556071324932
32 km,29,0.09,8.372881355932204,76.24781883935056
32 km,29,0.09,8.508474576271187,75.49486555107406
32 km,29,0.09,8.64406779661017,74.76553432674349
32 km,29,0.09,8.779661016949152,74.05873070779762
32 km,29,0.09,8.915254237288135,73.37342681870564
32 km,29,0.09,9.050847457627118,72.7086563794741
32 km,29,0.09,9.186440677966102,72.06351015985088
32 km,29,0.09,9.322033898305085,71.43713183025305
32 km,29,0.09,9.457627118644067,70.82871416960428
32 km,29,0.09,9.593220338983052,70.23749559476887
32 km,29,0.09,9.728813559322035,69.66275698020762
32 km,29,0.09,9.864406779661017,69.10381873992988
32 km,29,0.09,10.0,68.56003814684607
