radius,transport_cost,discount_rate,price,yield,npv,annualized_npv
Farmgate,0,0.05,20,0.4,-2205.327496,-285.6
Farmgate,0,0.05,20,1.766666667,-1983.713703,-256.9
Farmgate,0,0.05,20,3.133333333,-1762.099911,-228.2
Farmgate,0,0.05,20,4.5,-1540.486118,-199.5
Farmgate,0,0.05,30,0.4,-2172.896209,-281.4
Farmgate,0,0.05,30,1.766666667,-1840.47552,-238.35
Farmgate,0,0.05,30,3.133333333,-1508.054832,-195.3
Farmgate,0,0.05,30,4.5,-1175.634143,-152.25
Farmgate,0,0.05,40,0.4,-2140.464922,-277.2
Farmgate,0,0.05,40,1.766666667,-1697.237337,-219.8
Farmgate,0,0.05,40,3.133333333,-1254.009752,-162.4
Farmgate,0,0.05,40,4.5,-810.7821676,-105
Farmgate,0,0.05,50,0.4,-2108.033636,-273
Farmgate,0,0.05,50,1.766666667,-1553.999154,-201.25
Farmgate,0,0.05,50,3.133333333,-999.9646733,-129.5
Farmgate,0,0.05,50,4.5,-445.9301922,-57.75
Farmgate,0,0.05,60,0.4,-2075.602349,-268.8
Farmgate,0,0.05,60,1.766666667,-1410.760972,-182.7
Farmgate,0,0.05,60,3.133333333,-745.9195942,-96.6
Farmgate,0,0.05,60,4.5,-81.07821676,-10.5
Farmgate,0,0.05,70,0.4,-2043.171062,-264.6
Farmgate,0,0.05,70,1.766666667,-1267.522789,-164.15
Farmgate,0,0.05,70,3.133333333,-491.874515,-63.7
Farmgate,0,0.05,70,4.5,283.7737586,36.75
Farmgate,0,0.05,80,0.4,-2010.739776,-260.4
Farmgate,0,0.05,80,1.766666667,-1124.284606,-145.6
Farmgate,0,0.05,80,3.133333333,-237.8294358,-30.8
Farmgate,0,0.05,80,4.5,648.6257341,84
Farmgate,0,0.05,90,0.4,-1978.308489,-256.2
Farmgate,0,0.05,90,1.766666667,-981.0464228,-127.05
Farmgate,0,0.05,90,3.133333333,16.21564335,2.1
Farmgate,0,0.05,90,4.5,1013.477709,131.25
Farmgate,0,0.05,100,0.4,-1945.877202,-252
Farmgate,0,0.05,100,1.766666667,-837.8082398,-108.5
Farmgate,0,0.05,100,3.133333333,270.2607225,35
Farmgate,0,0.05,100,4.5,1378.329685,178.5
Farmgate,0,0.05,110,0.4,-1913.445915,-247.8
Farmgate,0,0.05,110,1.766666667,-694.5700569,-89.95
Farmgate,0,0.05,110,3.133333333,524.3058017,67.9
Farmgate,0,0.05,110,4.5,1743.18166,225.75
Farmgate,0,0.05,120,0.4,-1881.014629,-243.6
Farmgate,0,0.05,120,1.766666667,-551.3318739,-71.4
Farmgate,0,0.05,120,3.133333333,778.3508809,100.8
Farmgate,0,0.05,120,4.5,2108.033636,273
Farmgate,0,0.05,130,0.4,-1848.583342,-239.4
Farmgate,0,0.05,130,1.766666667,-408.093691,-52.85
Farmgate,0,0.05,130,3.133333333,1032.39596,133.7
Farmgate,0,0.05,130,4.5,2472.885611,320.25
Farmgate,0,0.05,140,0.4,-1816.152055,-235.2
Farmgate,0,0.05,140,1.766666667,-264.8555081,-34.3
Farmgate,0,0.05,140,3.133333333,1286.441039,166.6
Farmgate,0,0.05,140,4.5,2837.737586,367.5
Farmgate,0,0.06,20,0.4,-2122.060299,-288.32
Farmgate,0,0.06,20,1.766666667,-1908.814043,-259.3466667
Farmgate,0,0.06,20,3.133333333,-1695.567788,-230.3733333
Farmgate,0,0.06,20,4.5,-1482.321532,-201.4
Farmgate,0,0.06,30,0.4,-2090.85353,-284.08
Farmgate,0,0.06,30,1.766666667,-1770.984146,-240.62
Farmgate,0,0.06,30,3.133333333,-1451.114763,-197.16
Farmgate,0,0.06,30,4.5,-1131.24538,-153.7
Farmgate,0,0.06,40,0.4,-2059.64676,-279.84
Farmgate,0,0.06,40,1.766666667,-1633.154249,-221.8933333
Farmgate,0,0.06,40,3.133333333,-1206.661738,-163.9466667
Farmgate,0,0.06,40,4.5,-780.1692274,-106
Farmgate,0,0.06,50,0.4,-2028.439991,-275.6
Farmgate,0,0.06,50,1.766666667,-1495.324353,-203.1666667
Farmgate,0,0.06,50,3.133333333,-962.2087139,-130.7333333
Farmgate,0,0.06,50,4.5,-429.0930751,-58.3
Farmgate,0,0.06,60,0.4,-1997.233222,-271.36
Farmgate,0,0.06,60,1.766666667,-1357.494456,-184.44
Farmgate,0,0.06,60,3.133333333,-717.7556893,-97.52
Farmgate,0,0.06,60,4.5,-78.01692274,-10.6
Farmgate,0,0.06,70,0.4,-1966.026453,-267.12
Farmgate,0,0.06,70,1.766666667,-1219.664559,-165.7133333
Farmgate,0,0.06,70,3.133333333,-473.3026647,-64.30666667
Farmgate,0,0.06,70,4.5,273.0592296,37.1
Farmgate,0,0.06,80,0.4,-1934.819684,-262.88
Farmgate,0,0.06,80,1.766666667,-1081.834662,-146.9866667
Farmgate,0,0.06,80,3.133333333,-228.8496401,-31.09333333
Farmgate,0,0.06,80,4.5,624.135382,84.8
Farmgate,0,0.06,90,0.4,-1903.612915,-258.64
Farmgate,0,0.06,90,1.766666667,-944.0047652,-128.26
Farmgate,0,0.06,90,3.133333333,15.60338455,2.12
Farmgate,0,0.06,90,4.5,975.2115343,132.5
Farmgate,0,0.06,100,0.4,-1872.406146,-254.4
Farmgate,0,0.06,100,1.766666667,-806.1748684,-109.5333333
Farmgate,0,0.06,100,3.133333333,260.0564091,35.33333333
Farmgate,0,0.06,100,4.5,1326.287687,180.2
Farmgate,0,0.06,110,0.4,-1841.199377,-250.16
Farmgate,0,0.06,110,1.766666667,-668.3449715,-90.80666667
Farmgate,0,0.06,110,3.133333333,504.5094338,68.54666667
Farmgate,0,0.06,110,4.5,1677.363839,227.9
Farmgate,0,0.06,120,0.4,-1809.992608,-245.92
Farmgate,0,0.06,120,1.766666667,-530.5150747,-72.08
Farmgate,0,0.06,120,3.133333333,748.9624584,101.76
Farmgate,0,0.06,120,4.5,2028.439991,275.6
Farmgate,0,0.06,130,0.4,-1778.785839,-241.68
Farmgate,0,0.06,130,1.766666667,-392.6851778,-53.35333333
Farmgate,0,0.06,130,3.133333333,993.415483,134.9733333
Farmgate,0,0.06,130,4.5,2379.516144,323.3
Farmgate,0,0.06,140,0.4,-1747.579069,-237.44
Farmgate,0,0.06,140,1.766666667,-254.855281,-34.62666667
Farmgate,0,0.06,140,3.133333333,1237.868508,168.1866667
Farmgate,0,0.06,140,4.5,2730.592296,371
Farmgate,0,0.07,20,0.4,-2044.143172,-291.04
Farmgate,0,0.07,20,1.766666667,-1838.726824,-261.7933333
Farmgate,0,0.07,20,3.133333333,-1633.310475,-232.5466667
Farmgate,0,0.07,20,4.5,-1427.894127,-203.3
Farmgate,0,0.07,30,0.4,-2014.082243,-286.76
Farmgate,0,0.07,30,1.766666667,-1705.95772,-242.89
Farmgate,0,0.07,30,3.133333333,-1397.833198,-199.02
Farmgate,0,0.07,30,4.5,-1089.708676,-155.15
Farmgate,0,0.07,40,0.4,-1984.021314,-282.48
Farmgate,0,0.07,40,1.766666667,-1573.188617,-223.9866667
Farmgate,0,0.07,40,3.133333333,-1162.355921,-165.4933333
Farmgate,0,0.07,40,4.5,-751.5232249,-107
Farmgate,0,0.07,50,0.4,-1953.960385,-278.2
Farmgate,0,0.07,50,1.766666667,-1440.419514,-205.0833333
Farmgate,0,0.07,50,3.133333333,-926.878644,-131.9666667
Farmgate,0,0.07,50,4.5,-413.3377737,-58.85
Farmgate,0,0.07,60,0.4,-1923.899456,-273.92
Farmgate,0,0.07,60,1.766666667,-1307.650411,-186.18
Farmgate,0,0.07,60,3.133333333,-691.4013669,-98.44
Farmgate,0,0.07,60,4.5,-75.15232249,-10.7
Farmgate,0,0.07,70,0.4,-1893.838527,-269.64
Farmgate,0,0.07,70,1.766666667,-1174.881308,-167.2766667
Farmgate,0,0.07,70,3.133333333,-455.9240898,-64.91333333
Farmgate,0,0.07,70,4.5,263.0331287,37.45
Farmgate,0,0.07,80,0.4,-1863.777598,-265.36
Farmgate,0,0.07,80,1.766666667,-1042.112205,-148.3733333
Farmgate,0,0.07,80,3.133333333,-220.4468126,-31.38666667
Farmgate,0,0.07,80,4.5,601.2185799,85.6
Farmgate,0,0.07,90,0.4,-1833.716669,-261.08
Farmgate,0,0.07,90,1.766666667,-909.3431021,-129.47
Farmgate,0,0.07,90,3.133333333,15.0304645,2.14
Farmgate,0,0.07,90,4.5,939.4040311,133.75
Farmgate,0,0.07,100,0.4,-1803.65574,-256.8
Farmgate,0,0.07,100,1.766666667,-776.573999,-110.5666667
Farmgate,0,0.07,100,3.133333333,250.5077416,35.66666667
Farmgate,0,0.07,100,4.5,1277.589482,181.9
Farmgate,0,0.07,110,0.4,-1773.594811,-252.52
Farmgate,0,0.07,110,1.766666667,-643.804896,-91.66333333
Farmgate,0,0.07,110,3.133333333,485.9850188,69.19333333
Farmgate,0,0.07,110,4.5,1615.774933,230.05
Farmgate,0,0.07,120,0.4,-1743.533882,-248.24
Farmgate,0,0.07,120,1.766666667,-511.0357929,-72.76
Farmgate,0,0.07,120,3.133333333,721.4622959,102.72
Farmgate,0,0.07,120,4.5,1953.960385,278.2
Farmgate,0,0.07,130,0.4,-1713.472953,-243.96
Farmgate,0,0.07,130,1.766666667,-378.2666899,-53.85666667
Farmgate,0,0.07,130,3.133333333,956.939573,136.2466667
Farmgate,0,0.07,130,4.5,2292.145836,326.35
Farmgate,0,0.07,140,0.4,-1683.412024,-239.68
Farmgate,0,0.07,140,1.766666667,-245.4975868,-34.95333333
Farmgate,0,0.07,140,3.133333333,1192.41685,169.7733333
Farmgate,0,0.07,140,4.5,2630.331287,374.5
Farmgate,0,0.08,20,0.4,-1971.153512,-293.76
Farmgate,0,0.08,20,1.766666667,-1773.071909,-264.24
Farmgate,0,0.08,20,3.133333333,-1574.990306,-234.72
Farmgate,0,0.08,20,4.5,-1376.908703,-205.2
Farmgate,0,0.08,30,0.4,-1942.16596,-289.44
Farmgate,0,0.08,30,1.766666667,-1645.043556,-245.16
Farmgate,0,0.08,30,3.133333333,-1347.921151,-200.88
Farmgate,0,0.08,30,4.5,-1050.798747,-156.6
Farmgate,0,0.08,40,0.4,-1913.178408,-285.12
Farmgate,0,0.08,40,1.766666667,-1517.015203,-226.08
Farmgate,0,0.08,40,3.133333333,-1120.851997,-167.04
Farmgate,0,0.08,40,4.5,-724.6887911,-108
Farmgate,0,0.08,50,0.4,-1884.190857,-280.8
Farmgate,0,0.08,50,1.766666667,-1388.98685,-207
Farmgate,0,0.08,50,3.133333333,-893.7828423,-133.2
Farmgate,0,0.08,50,4.5,-398.5788351,-59.4
Farmgate,0,0.08,60,0.4,-1855.203305,-276.48
Farmgate,0,0.08,60,1.766666667,-1260.958496,-187.92
Farmgate,0,0.08,60,3.133333333,-666.7136878,-99.36
Farmgate,0,0.08,60,4.5,-72.46887911,-10.8
Farmgate,0,0.08,70,0.4,-1826.215754,-272.16
Farmgate,0,0.08,70,1.766666667,-1132.930143,-168.84
Farmgate,0,0.08,70,3.133333333,-439.6445333,-65.52
Farmgate,0,0.08,70,4.5,253.6410769,37.8
Farmgate,0,0.08,80,0.4,-1797.228202,-267.84
Farmgate,0,0.08,80,1.766666667,-1004.90179,-149.76
Farmgate,0,0.08,80,3.133333333,-212.5753787,-31.68
Farmgate,0,0.08,80,4.5,579.7510329,86.4
Farmgate,0,0.08,90,0.4,-1768.24065,-263.52
Farmgate,0,0.08,90,1.766666667,-876.8734372,-130.68
Farmgate,0,0.08,90,3.133333333,14.49377582,2.16
Farmgate,0,0.08,90,4.5,905.8609889,135
Farmgate,0,0.08,100,0.4,-1739.253099,-259.2
Farmgate,0,0.08,100,1.766666667,-748.8450841,-111.6
Farmgate,0,0.08,100,3.133333333,241.5629304,36
Farmgate,0,0.08,100,4.5,1231.970945,183.6
Farmgate,0,0.08,110,0.4,-1710.265547,-254.88
Farmgate,0,0.08,110,1.766666667,-620.816731,-92.52
Farmgate,0,0.08,110,3.133333333,468.6320849,69.84
Farmgate,0,0.08,110,4.5,1558.080901,232.2
Farmgate,0,0.08,120,0.4,-1681.277995,-250.56
Farmgate,0,0.08,120,1.766666667,-492.7883779,-73.44
Farmgate,0,0.08,120,3.133333333,695.7012394,103.68
Farmgate,0,0.08,120,4.5,1884.190857,280.8
Farmgate,0,0.08,130,0.4,-1652.290444,-246.24
Farmgate,0,0.08,130,1.766666667,-364.7600248,-54.36
Farmgate,0,0.08,130,3.133333333,922.770394,137.52
Farmgate,0,0.08,130,4.5,2210.300813,329.4
Farmgate,0,0.08,140,0.4,-1623.302892,-241.92
Farmgate,0,0.08,140,1.766666667,-236.7316718,-35.28
Farmgate,0,0.08,140,3.133333333,1149.839549,171.36
Farmgate,0,0.08,140,4.5,2536.410769,378
Farmgate,0,0.09,20,0.4,-1902.707155,-296.48
Farmgate,0,0.09,20,1.766666667,-1711.50374,-266.6866667
Farmgate,0,0.09,20,3.133333333,-1520.300325,-236.8933333
Farmgate,0,0.09,20,4.5,-1329.09691,-207.1
Farmgate,0,0.09,30,0.4,-1874.726168,-292.12
Farmgate,0,0.09,30,1.766666667,-1587.921045,-247.43
Farmgate,0,0.09,30,3.133333333,-1301.115922,-202.74
Farmgate,0,0.09,30,4.5,-1014.3108,-158.05
Farmgate,0,0.09,40,0.4,-1846.74518,-287.76
Farmgate,0,0.09,40,1.766666667,-1464.33835,-228.1733333
Farmgate,0,0.09,40,3.133333333,-1081.93152,-168.5866667
Farmgate,0,0.09,40,4.5,-699.5246894,-109
Farmgate,0,0.09,50,0.4,-1818.764193,-283.4
Farmgate,0,0.09,50,1.766666667,-1340.755655,-208.9166667
Farmgate,0,0.09,50,3.133333333,-862.747117,-134.4333333
Farmgate,0,0.09,50,4.5,-384.7385792,-59.95
Farmgate,0,0.09,60,0.4,-1790.783205,-279.04
Farmgate,0,0.09,60,1.766666667,-1217.17296,-189.66
Farmgate,0,0.09,60,3.133333333,-643.5627143,-100.28
Farmgate,0,0.09,60,4.5,-69.95246894,-10.9
Farmgate,0,0.09,70,0.4,-1762.802217,-274.68
Farmgate,0,0.09,70,1.766666667,-1093.590264,-170.4033333
Farmgate,0,0.09,70,3.133333333,-424.3783116,-66.12666667
Farmgate,0,0.09,70,4.5,244.8336413,38.15
Farmgate,0,0.09,80,0.4,-1734.82123,-270.32
Farmgate,0,0.09,80,1.766666667,-970.0075693,-151.1466667
Farmgate,0,0.09,80,3.133333333,-205.1939089,-31.97333333
Farmgate,0,0.09,80,4.5,559.6197515,87.2
Farmgate,0,0.09,90,0.4,-1706.840242,-265.96
Farmgate,0,0.09,90,1.766666667,-846.4248742,-131.89
Farmgate,0,0.09,90,3.133333333,13.99049379,2.18
Farmgate,0,0.09,90,4.5,874.4058618,136.25
Farmgate,0,0.09,100,0.4,-1678.859255,-261.6
Farmgate,0,0.09,100,1.766666667,-722.8421791,-112.6333333
Farmgate,0,0.09,100,3.133333333,233.1748965,36.33333333
Farmgate,0,0.09,100,4.5,1189.191972,185.3
Farmgate,0,0.09,110,0.4,-1650.878267,-257.24
Farmgate,0,0.09,110,1.766666667,-599.2594839,-93.37666667
Farmgate,0,0.09,110,3.133333333,452.3592992,70.48666667
Farmgate,0,0.09,110,4.5,1503.978082,234.35
Farmgate,0,0.09,120,0.4,-1622.897279,-252.88
Farmgate,0,0.09,120,1.766666667,-475.6767888,-74.12
Farmgate,0,0.09,120,3.133333333,671.5437018,104.64
Farmgate,0,0.09,120,4.5,1818.764193,283.4
Farmgate,0,0.09,130,0.4,-1594.916292,-248.52
Farmgate,0,0.09,130,1.766666667,-352.0940937,-54.86333333
Farmgate,0,0.09,130,3.133333333,890.7281045,138.7933333
Farmgate,0,0.09,130,4.5,2133.550303,332.45
Farmgate,0,0.09,140,0.4,-1566.935304,-244.16
Farmgate,0,0.09,140,1.766666667,-228.5113985,-35.60666667
Farmgate,0,0.09,140,3.133333333,1109.912507,172.9466667
Farmgate,0,0.09,140,4.5,2448.336413,381.5
8 km,11,0.05,20,0.4,-2241.001911,-290.22
8 km,11,0.05,20,1.766666667,-2141.275705,-277.305
8 km,11,0.05,20,3.133333333,-2041.549498,-264.39
8 km,11,0.05,20,4.5,-1941.823291,-251.475
8 km,11,0.05,30,0.4,-2208.570624,-286.02
8 km,11,0.05,30,1.766666667,-1998.037522,-258.755
8 km,11,0.05,30,3.133333333,-1787.504419,-231.49
8 km,11,0.05,30,4.5,-1576.971316,-204.225
8 km,11,0.05,40,0.4,-2176.139338,-281.82
8 km,11,0.05,40,1.766666667,-1854.799339,-240.205
8 km,11,0.05,40,3.133333333,-1533.45934,-198.59
8 km,11,0.05,40,4.5,-1212.119341,-156.975
8 km,11,0.05,50,0.4,-2143.708051,-277.62
8 km,11,0.05,50,1.766666667,-1711.561156,-221.655
8 km,11,0.05,50,3.133333333,-1279.41426,-165.69
8 km,11,0.05,50,4.5,-847.2673651,-109.725
8 km,11,0.05,60,0.4,-2111.276764,-273.42
8 km,11,0.05,60,1.766666667,-1568.322973,-203.105
8 km,11,0.05,60,3.133333333,-1025.369181,-132.79
8 km,11,0.05,60,4.5,-482.4153897,-62.475
8 km,11,0.05,70,0.4,-2078.845478,-269.22
8 km,11,0.05,70,1.766666667,-1425.08479,-184.555
8 km,11,0.05,70,3.133333333,-771.3241021,-99.89
8 km,11,0.05,70,4.5,-117.5634143,-15.225
8 km,11,0.05,80,0.4,-2046.414191,-265.02
8 km,11,0.05,80,1.766666667,-1281.846607,-166.005
8 km,11,0.05,80,3.133333333,-517.2790229,-66.99
8 km,11,0.05,80,4.5,247.2885611,32.025
8 km,11,0.05,90,0.4,-2013.982904,-260.82
8 km,11,0.05,90,1.766666667,-1138.608424,-147.455
8 km,11,0.05,90,3.133333333,-263.2339437,-34.09
8 km,11,0.05,90,4.5,612.1405365,79.275
8 km,11,0.05,100,0.4,-1981.551618,-256.62
8 km,11,0.05,100,1.766666667,-995.370241,-128.905
8 km,11,0.05,100,3.133333333,-9.188864566,-1.19
8 km,11,0.05,100,4.5,976.9925119,126.525
8 km,11,0.05,110,0.4,-1949.120331,-252.42
8 km,11,0.05,110,1.766666667,-852.1320581,-110.355
8 km,11,0.05,110,3.133333333,244.8562146,31.71
8 km,11,0.05,110,4.5,1341.844487,173.775
8 km,11,0.05,120,0.4,-1916.689044,-248.22
8 km,11,0.05,120,1.766666667,-708.8938752,-91.805
8 km,11,0.05,120,3.133333333,498.9012938,64.61
8 km,11,0.05,120,4.5,1706.696463,221.025
8 km,11,0.05,130,0.4,-1884.257757,-244.02
8 km,11,0.05,130,1.766666667,-565.6556922,-73.255
8 km,11,0.05,130,3.133333333,752.9463729,97.51
8 km,11,0.05,130,4.5,2071.548438,268.275
8 km,11,0.05,140,0.4,-1851.826471,-239.82
8 km,11,0.05,140,1.766666667,-422.4175093,-54.705
8 km,11,0.05,140,3.133333333,1006.991452,130.41
8 km,11,0.05,140,4.5,2436.400414,315.525
8 km,11,0.06,20,0.4,-2156.387745,-292.984
8 km,11,0.06,20,1.766666667,-2060.42693,-279.946
8 km,11,0.06,20,3.133333333,-1964.466115,-266.908
8 km,11,0.06,20,4.5,-1868.5053,-253.87
8 km,11,0.06,30,0.4,-2125.180976,-288.744
8 km,11,0.06,30,1.766666667,-1922.597033,-261.2193333
8 km,11,0.06,30,3.133333333,-1720.01309,-233.6946667
8 km,11,0.06,30,4.5,-1517.429147,-206.17
8 km,11,0.06,40,0.4,-2093.974206,-284.504
8 km,11,0.06,40,1.766666667,-1784.767136,-242.4926667
8 km,11,0.06,40,3.133333333,-1475.560066,-200.4813333
8 km,11,0.06,40,4.5,-1166.352995,-158.47
8 km,11,0.06,50,0.4,-2062.767437,-280.264
8 km,11,0.06,50,1.766666667,-1646.937239,-223.766
8 km,11,0.06,50,3.133333333,-1231.107041,-167.268
8 km,11,0.06,50,4.5,-815.2768427,-110.77
8 km,11,0.06,60,0.4,-2031.560668,-276.024
8 km,11,0.06,60,1.766666667,-1509.107342,-205.0393333
8 km,11,0.06,60,3.133333333,-986.6540163,-134.0546667
8 km,11,0.06,60,4.5,-464.2006903,-63.07
8 km,11,0.06,70,0.4,-2000.353899,-271.784
8 km,11,0.06,70,1.766666667,-1371.277445,-186.3126667
8 km,11,0.06,70,3.133333333,-742.2009917,-100.8413333
8 km,11,0.06,70,4.5,-113.124538,-15.37
8 km,11,0.06,80,0.4,-1969.14713,-267.544
8 km,11,0.06,80,1.766666667,-1233.447549,-167.586
8 km,11,0.06,80,3.133333333,-497.7479671,-67.628
8 km,11,0.06,80,4.5,237.9516144,32.33
8 km,11,0.06,90,0.4,-1937.940361,-263.304
8 km,11,0.06,90,1.766666667,-1095.617652,-148.8593333
8 km,11,0.06,90,3.133333333,-253.2949425,-34.41466667
8 km,11,0.06,90,4.5,589.0277667,80.03
8 km,11,0.06,100,0.4,-1906.733592,-259.064
8 km,11,0.06,100,1.766666667,-957.7877549,-130.1326667
8 km,11,0.06,100,3.133333333,-8.841917911,-1.201333333
8 km,11,0.06,100,4.5,940.1039191,127.73
8 km,11,0.06,110,0.4,-1875.526823,-254.824
8 km,11,0.06,110,1.766666667,-819.957858,-111.406
8 km,11,0.06,110,3.133333333,235.6111067,32.012
8 km,11,0.06,110,4.5,1291.180071,175.43
8 km,11,0.06,120,0.4,-1844.320054,-250.584
8 km,11,0.06,120,1.766666667,-682.1279612,-92.67933333
8 km,11,0.06,120,3.133333333,480.0641313,65.22533333
8 km,11,0.06,120,4.5,1642.256224,223.13
8 km,11,0.06,130,0.4,-1813.113285,-246.344
8 km,11,0.06,130,1.766666667,-544.2980644,-73.95266667
8 km,11,0.06,130,3.133333333,724.5171559,98.43866667
8 km,11,0.06,130,4.5,1993.332376,270.83
8 km,11,0.06,140,0.4,-1781.906515,-242.104
8 km,11,0.06,140,1.766666667,-406.4681675,-55.226
8 km,11,0.06,140,3.133333333,968.9701805,131.652
8 km,11,0.06,140,4.5,2344.408528,318.53
8 km,11,0.07,20,0.4,-2077.210194,-295.748
8 km,11,0.07,20,1.766666667,-1984.772837,-282.587
8 km,11,0.07,20,3.133333333,-1892.33548,-269.426
8 km,11,0.07,20,4.5,-1799.898124,-256.265
8 km,11,0.07,30,0.4,-2047.149265,-291.468
8 km,11,0.07,30,1.766666667,-1852.003734,-263.6836667
8 km,11,0.07,30,3.133333333,-1656.858203,-235.8993333
8 km,11,0.07,30,4.5,-1461.712672,-208.115
8 km,11,0.07,40,0.4,-2017.088336,-287.188
8 km,11,0.07,40,1.766666667,-1719.234631,-244.7803333
8 km,11,0.07,40,3.133333333,-1421.380926,-202.3726667
8 km,11,0.07,40,4.5,-1123.527221,-159.965
8 km,11,0.07,50,0.4,-1987.027407,-282.908
8 km,11,0.07,50,1.766666667,-1586.465528,-225.877
8 km,11,0.07,50,3.133333333,-1185.903649,-168.846
8 km,11,0.07,50,4.5,-785.34177,-111.815
8 km,11,0.07,60,0.4,-1956.966478,-278.628
8 km,11,0.07,60,1.766666667,-1453.696425,-206.9736667
8 km,11,0.07,60,3.133333333,-950.4263717,-135.3193333
8 km,11,0.07,60,4.5,-447.1563188,-63.665
8 km,11,0.07,70,0.4,-1926.905549,-274.348
8 km,11,0.07,70,1.766666667,-1320.927322,-188.0703333
8 km,11,0.07,70,3.133333333,-714.9490946,-101.7926667
8 km,11,0.07,70,4.5,-108.9708676,-15.515
8 km,11,0.07,80,0.4,-1896.84462,-270.068
8 km,11,0.07,80,1.766666667,-1188.158219,-169.167
8 km,11,0.07,80,3.133333333,-479.4718175,-68.266
8 km,11,0.07,80,4.5,229.2145836,32.635
8 km,11,0.07,90,0.4,-1866.783691,-265.788
8 km,11,0.07,90,1.766666667,-1055.389115,-150.2636667
8 km,11,0.07,90,3.133333333,-243.9945403,-34.73933333
8 km,11,0.07,90,4.5,567.4000348,80.785
8 km,11,0.07,100,0.4,-1836.722762,-261.508
8 km,11,0.07,100,1.766666667,-922.6200124,-131.3603333
8 km,11,0.07,100,3.133333333,-8.517263215,-1.212666667
8 km,11,0.07,100,4.5,905.585486,128.935
8 km,11,0.07,110,0.4,-1806.661833,-257.228
8 km,11,0.07,110,1.766666667,-789.8509093,-112.457
8 km,11,0.07,110,3.133333333,226.9600139,32.314
8 km,11,0.07,110,4.5,1243.770937,177.085
8 km,11,0.07,120,0.4,-1776.600904,-252.948
8 km,11,0.07,120,1.766666667,-657.0818063,-93.55366667
8 km,11,0.07,120,3.133333333,462.437291,65.84066667
8 km,11,0.07,120,4.5,1581.956388,225.235
8 km,11,0.07,130,0.4,-1746.539975,-248.668
8 km,11,0.07,130,1.766666667,-524.3127032,-74.65033333
8 km,11,0.07,130,3.133333333,697.9145682,99.36733333
8 km,11,0.07,130,4.5,1920.14184,273.385
8 km,11,0.07,140,0.4,-1716.479046,-244.388
8 km,11,0.07,140,1.766666667,-391.5436002,-55.747
8 km,11,0.07,140,3.133333333,933.3918453,132.894
8 km,11,0.07,140,4.5,2258.327291,321.535
8 km,11,0.08,20,0.4,-2003.039819,-298.512
8 km,11,0.08,20,1.766666667,-1913.903097,-285.228
8 km,11,0.08,20,3.133333333,-1824.766376,-271.944
8 km,11,0.08,20,4.5,-1735.629655,-258.66
8 km,11,0.08,30,0.4,-1974.052267,-294.192
8 km,11,0.08,30,1.766666667,-1785.874744,-266.148
8 km,11,0.08,30,3.133333333,-1597.697221,-238.104
8 km,11,0.08,30,4.5,-1409.519699,-210.06
8 km,11,0.08,40,0.4,-1945.064715,-289.872
8 km,11,0.08,40,1.766666667,-1657.846391,-247.068
8 km,11,0.08,40,3.133333333,-1370.628067,-204.264
8 km,11,0.08,40,4.5,-1083.409743,-161.46
8 km,11,0.08,50,0.4,-1916.077164,-285.552
8 km,11,0.08,50,1.766666667,-1529.818038,-227.988
8 km,11,0.08,50,3.133333333,-1143.558912,-170.424
8 km,11,0.08,50,4.5,-757.2997867,-112.86
8 km,11,0.08,60,0.4,-1887.089612,-281.232
8 km,11,0.08,60,1.766666667,-1401.789685,-208.908
8 km,11,0.08,60,3.133333333,-916.4897578,-136.584
8 km,11,0.08,60,4.5,-431.1898307,-64.26
8 km,11,0.08,70,0.4,-1858.10206,-276.912
8 km,11,0.08,70,1.766666667,-1273.761332,-189.828
8 km,11,0.08,70,3.133333333,-689.4206033,-102.744
8 km,11,0.08,70,4.5,-105.0798747,-15.66
8 km,11,0.08,80,0.4,-1829.114509,-272.592
8 km,11,0.08,80,1.766666667,-1145.732979,-170.748
8 km,11,0.08,80,3.133333333,-462.3514487,-68.904
8 km,11,0.08,80,4.5,221.0300813,32.94
8 km,11,0.08,90,0.4,-1800.126957,-268.272
8 km,11,0.08,90,1.766666667,-1017.704626,-151.668
8 km,11,0.08,90,3.133333333,-235.2822942,-35.064
8 km,11,0.08,90,4.5,547.1400373,81.54
8 km,11,0.08,100,0.4,-1771.139405,-263.952
8 km,11,0.08,100,1.766666667,-889.6762725,-132.588
8 km,11,0.08,100,3.133333333,-8.213139632,-1.224
8 km,11,0.08,100,4.5,873.2499933,130.14
8 km,11,0.08,110,0.4,-1742.151854,-259.632
8 km,11,0.08,110,1.766666667,-761.6479194,-113.508
8 km,11,0.08,110,3.133333333,218.8560149,32.616
8 km,11,0.08,110,4.5,1199.359949,178.74
8 km,11,0.08,120,0.4,-1713.164302,-255.312
8 km,11,0.08,120,1.766666667,-633.6195663,-94.428
8 km,11,0.08,120,3.133333333,445.9251694,66.456
8 km,11,0.08,120,4.5,1525.469905,227.34
8 km,11,0.08,130,0.4,-1684.17675,-250.992
8 km,11,0.08,130,1.766666667,-505.5912132,-75.348
8 km,11,0.08,130,3.133333333,672.994324,100.296
8 km,11,0.08,130,4.5,1851.579861,275.94
8 km,11,0.08,140,0.4,-1655.189199,-246.672
8 km,11,0.08,140,1.766666667,-377.5628602,-56.268
8 km,11,0.08,140,3.133333333,900.0634785,134.136
8 km,11,0.08,140,4.5,2177.689817,324.54
8 km,11,0.09,20,0.4,-1933.486242,-301.276
8 km,11,0.09,20,1.766666667,-1847.444705,-287.869
8 km,11,0.09,20,3.133333333,-1761.403168,-274.462
8 km,11,0.09,20,4.5,-1675.361631,-261.055
8 km,11,0.09,30,0.4,-1905.505254,-296.916
8 km,11,0.09,30,1.766666667,-1723.86201,-268.6123333
8 km,11,0.09,30,3.133333333,-1542.218765,-240.3086667
8 km,11,0.09,30,4.5,-1360.575521,-212.005
8 km,11,0.09,40,0.4,-1877.524266,-292.556
8 km,11,0.09,40,1.766666667,-1600.279315,-249.3556667
8 km,11,0.09,40,3.133333333,-1323.034363,-206.1553333
8 km,11,0.09,40,4.5,-1045.789411,-162.955
8 km,11,0.09,50,0.4,-1849.543279,-288.196
8 km,11,0.09,50,1.766666667,-1476.696619,-230.099
8 km,11,0.09,50,3.133333333,-1103.84996,-172.002
8 km,11,0.09,50,4.5,-731.0033005,-113.905
8 km,11,0.09,60,0.4,-1821.562291,-283.836
8 km,11,0.09,60,1.766666667,-1353.113924,-210.8423333
8 km,11,0.09,60,3.133333333,-884.6655572,-137.8486667
8 km,11,0.09,60,4.5,-416.2171902,-64.855
8 km,11,0.09,70,0.4,-1793.581304,-279.476
8 km,11,0.09,70,1.766666667,-1229.531229,-191.5856667
8 km,11,0.09,70,3.133333333,-665.4811545,-103.6953333
8 km,11,0.09,70,4.5,-101.43108,-15.805
8 km,11,0.09,80,0.4,-1765.600316,-275.116
8 km,11,0.09,80,1.766666667,-1105.948534,-172.329
8 km,11,0.09,80,3.133333333,-446.2967519,-69.542
8 km,11,0.09,80,4.5,213.3550303,33.245
8 km,11,0.09,90,0.4,-1737.619329,-270.756
8 km,11,0.09,90,1.766666667,-982.3658389,-153.0723333
8 km,11,0.09,90,3.133333333,-227.1123492,-35.38866667
8 km,11,0.09,90,4.5,528.1411405,82.295
8 km,11,0.09,100,0.4,-1709.638341,-266.396
8 km,11,0.09,100,1.766666667,-858.7831437,-133.8156667
8 km,11,0.09,100,3.133333333,-7.92794648,-1.235333333
8 km,11,0.09,100,4.5,842.9272508,131.345
8 km,11,0.09,110,0.4,-1681.657353,-262.036
8 km,11,0.09,110,1.766666667,-735.2004486,-114.559
8 km,11,0.09,110,3.133333333,211.2564562,32.918
8 km,11,0.09,110,4.5,1157.713361,180.395
8 km,11,0.09,120,0.4,-1653.676366,-257.676
8 km,11,0.09,120,1.766666667,-611.6177535,-95.30233333
8 km,11,0.09,120,3.133333333,430.4408589,67.07133333
8 km,11,0.09,120,4.5,1472.499471,229.445
8 km,11,0.09,130,0.4,-1625.695378,-253.316
8 km,11,0.09,130,1.766666667,-488.0350583,-76.04566667
8 km,11,0.09,130,3.133333333,649.6252616,101.2246667
8 km,11,0.09,130,4.5,1787.285581,278.495
8 km,11,0.09,140,0.4,-1597.714391,-248.956
8 km,11,0.09,140,1.766666667,-364.4523632,-56.789
8 km,11,0.09,140,3.133333333,868.8096643,135.378
8 km,11,0.09,140,4.5,2102.071692,327.545
16 km,17,0.05,20,0.4,-2260.460683,-292.74
16 km,17,0.05,20,1.766666667,-2227.218614,-288.435
16 km,17,0.05,20,3.133333333,-2193.976545,-284.13
16 km,17,0.05,20,4.5,-2160.734477,-279.825
16 km,17,0.05,30,0.4,-2228.029396,-288.54
16 km,17,0.05,30,1.766666667,-2083.980431,-269.885
16 km,17,0.05,30,3.133333333,-1939.931466,-251.23
16 km,17,0.05,30,4.5,-1795.882501,-232.575
16 km,17,0.05,40,0.4,-2195.59811,-284.34
16 km,17,0.05,40,1.766666667,-1940.742248,-251.335
16 km,17,0.05,40,3.133333333,-1685.886387,-218.33
16 km,17,0.05,40,4.5,-1431.030526,-185.325
16 km,17,0.05,50,0.4,-2163.166823,-280.14
16 km,17,0.05,50,1.766666667,-1797.504065,-232.785
16 km,17,0.05,50,3.133333333,-1431.841308,-185.43
16 km,17,0.05,50,4.5,-1066.17855,-138.075
16 km,17,0.05,60,0.4,-2130.735536,-275.94
16 km,17,0.05,60,1.766666667,-1654.265883,-214.235
16 km,17,0.05,60,3.133333333,-1177.796229,-152.53
16 km,17,0.05,60,4.5,-701.3265749,-90.825
16 km,17,0.05,70,0.4,-2098.30425,-271.74
16 km,17,0.05,70,1.766666667,-1511.0277,-195.685
16 km,17,0.05,70,3.133333333,-923.7511496,-119.63
16 km,17,0.05,70,4.5,-336.4745995,-43.575
16 km,17,0.05,80,0.4,-2065.872963,-267.54
16 km,17,0.05,80,1.766666667,-1367.789517,-177.135
16 km,17,0.05,80,3.133333333,-669.7060704,-86.73
16 km,17,0.05,80,4.5,28.37737586,3.675
16 km,17,0.05,90,0.4,-2033.441676,-263.34
16 km,17,0.05,90,1.766666667,-1224.551334,-158.585
16 km,17,0.05,90,3.133333333,-415.6609912,-53.83
16 km,17,0.05,90,4.5,393.2293513,50.925
16 km,17,0.05,100,0.4,-2001.01039,-259.14
16 km,17,0.05,100,1.766666667,-1081.313151,-140.035
16 km,17,0.05,100,3.133333333,-161.6159121,-20.93
16 km,17,0.05,100,4.5,758.0813267,98.175
16 km,17,0.05,110,0.4,-1968.579103,-254.94
16 km,17,0.05,110,1.766666667,-938.0749679,-121.485
16 km,17,0.05,110,3.133333333,92.4291671,11.97
16 km,17,0.05,110,4.5,1122.933302,145.425
16 km,17,0.05,120,0.4,-1936.147816,-250.74
16 km,17,0.05,120,1.766666667,-794.8367849,-102.935
16 km,17,0.05,120,3.133333333,346.4742463,44.87
16 km,17,0.05,120,4.5,1487.785277,192.675
16 km,17,0.05,130,0.4,-1903.716529,-246.54
16 km,17,0.05,130,1.766666667,-651.598602,-84.385
16 km,17,0.05,130,3.133333333,600.5193254,77.77
16 km,17,0.05,130,4.5,1852.637253,239.925
16 km,17,0.05,140,0.4,-1871.285243,-242.34
16 km,17,0.05,140,1.766666667,-508.3604191,-65.835
16 km,17,0.05,140,3.133333333,854.5644046,110.67
16 km,17,0.05,140,4.5,2217.489228,287.175
16 km,17,0.06,20,0.4,-2175.111806,-295.528
16 km,17,0.06,20,1.766666667,-2143.124868,-291.182
16 km,17,0.06,20,3.133333333,-2111.137929,-286.836
16 km,17,0.06,20,4.5,-2079.150991,-282.49
16 km,17,0.06,30,0.4,-2143.905037,-291.288
16 km,17,0.06,30,1.766666667,-2005.294971,-272.4553333
16 km,17,0.06,30,3.133333333,-1866.684905,-253.6226667
16 km,17,0.06,30,4.5,-1728.074839,-234.79
16 km,17,0.06,40,0.4,-2112.698268,-287.048
16 km,17,0.06,40,1.766666667,-1867.465074,-253.7286667
16 km,17,0.06,40,3.133333333,-1622.23188,-220.4093333
16 km,17,0.06,40,4.5,-1376.998686,-187.09
16 km,17,0.06,50,0.4,-2081.491499,-282.808
16 km,17,0.06,50,1.766666667,-1729.635177,-235.002
16 km,17,0.06,50,3.133333333,-1377.778856,-187.196
16 km,17,0.06,50,4.5,-1025.922534,-139.39
16 km,17,0.06,60,0.4,-2050.28473,-278.568
16 km,17,0.06,60,1.766666667,-1591.80528,-216.2753333
16 km,17,0.06,60,3.133333333,-1133.325831,-153.9826667
16 km,17,0.06,60,4.5,-674.8463817,-91.69
16 km,17,0.06,70,0.4,-2019.077961,-274.328
16 km,17,0.06,70,1.766666667,-1453.975384,-197.5486667
16 km,17,0.06,70,3.133333333,-888.8728065,-120.7693333
16 km,17,0.06,70,4.5,-323.7702294,-43.99
16 km,17,0.06,80,0.4,-1987.871192,-270.088
16 km,17,0.06,80,1.766666667,-1316.145487,-178.822
16 km,17,0.06,80,3.133333333,-644.4197819,-87.556
16 km,17,0.06,80,4.5,27.30592296,3.71
16 km,17,0.06,90,0.4,-1956.664422,-265.848
16 km,17,0.06,90,1.766666667,-1178.31559,-160.0953333
16 km,17,0.06,90,3.133333333,-399.9667573,-54.34266667
16 km,17,0.06,90,4.5,378.3820753,51.41
16 km,17,0.06,100,0.4,-1925.457653,-261.608
16 km,17,0.06,100,1.766666667,-1040.485693,-141.3686667
16 km,17,0.06,100,3.133333333,-155.5137327,-21.12933333
16 km,17,0.06,100,4.5,729.4582277,99.11
16 km,17,0.06,110,0.4,-1894.250884,-257.368
16 km,17,0.06,110,1.766666667,-902.6557962,-122.642
16 km,17,0.06,110,3.133333333,88.93929193,12.084
16 km,17,0.06,110,4.5,1080.53438,146.81
16 km,17,0.06,120,0.4,-1863.044115,-253.128
16 km,17,0.06,120,1.766666667,-764.8258993,-103.9153333
16 km,17,0.06,120,3.133333333,333.3923165,45.29733333
16 km,17,0.06,120,4.5,1431.610532,194.51
16 km,17,0.06,130,0.4,-1831.837346,-248.888
16 km,17,0.06,130,1.766666667,-626.9960025,-85.18866667
16 km,17,0.06,130,3.133333333,577.8453411,78.51066667
16 km,17,0.06,130,4.5,1782.686685,242.21
16 km,17,0.06,140,0.4,-1800.630577,-244.648
16 km,17,0.06,140,1.766666667,-489.1661056,-66.462
16 km,17,0.06,140,3.133333333,822.2983657,111.724
16 km,17,0.06,140,4.5,2133.762837,289.91
16 km,17,0.07,20,0.4,-2095.246751,-298.316
16 km,17,0.07,20,1.766666667,-2064.434299,-293.929
16 km,17,0.07,20,3.133333333,-2033.621847,-289.542
16 km,17,0.07,20,4.5,-2002.809394,-285.155
16 km,17,0.07,30,0.4,-2065.185822,-294.036
16 km,17,0.07,30,1.766666667,-1931.665196,-275.0256667
16 km,17,0.07,30,3.133333333,-1798.144569,-256.0153333
16 km,17,0.07,30,4.5,-1664.623943,-237.005
16 km,17,0.07,40,0.4,-2035.124893,-289.756
16 km,17,0.07,40,1.766666667,-1798.896093,-256.1223333
16 km,17,0.07,40,3.133333333,-1562.667292,-222.4886667
16 km,17,0.07,40,4.5,-1326.438492,-188.855
16 km,17,0.07,50,0.4,-2005.063964,-285.476
16 km,17,0.07,50,1.766666667,-1666.12699,-237.219
16 km,17,0.07,50,3.133333333,-1327.190015,-188.962
16 km,17,0.07,50,4.5,-988.2530407,-140.705
16 km,17,0.07,60,0.4,-1975.003035,-281.196
16 km,17,0.07,60,1.766666667,-1533.357886,-218.3156667
16 km,17,0.07,60,3.133333333,-1091.712738,-155.4353333
16 km,17,0.07,60,4.5,-650.0675895,-92.555
16 km,17,0.07,70,0.4,-1944.942106,-276.916
16 km,17,0.07,70,1.766666667,-1400.588783,-199.4123333
16 km,17,0.07,70,3.133333333,-856.2354609,-121.9086667
16 km,17,0.07,70,4.5,-311.8821383,-44.405
16 km,17,0.07,80,0.4,-1914.881177,-272.636
16 km,17,0.07,80,1.766666667,-1267.81968,-180.509
16 km,17,0.07,80,3.133333333,-620.7581838,-88.382
16 km,17,0.07,80,4.5,26.30331287,3.745
16 km,17,0.07,90,0.4,-1884.820248,-268.356
16 km,17,0.07,90,1.766666667,-1135.050577,-161.6056667
16 km,17,0.07,90,3.133333333,-385.2809066,-54.85533333
16 km,17,0.07,90,4.5,364.4887641,51.895
16 km,17,0.07,100,0.4,-1854.759319,-264.076
16 km,17,0.07,100,1.766666667,-1002.281474,-142.7023333
16 km,17,0.07,100,3.133333333,-149.8036295,-21.32866667
16 km,17,0.07,100,4.5,702.6742153,100.045
16 km,17,0.07,110,0.4,-1824.69839,-259.796
16 km,17,0.07,110,1.766666667,-869.5123712,-123.799
16 km,17,0.07,110,3.133333333,85.67364764,12.198
16 km,17,0.07,110,4.5,1040.859666,148.195
16 km,17,0.07,120,0.4,-1794.637461,-255.516
16 km,17,0.07,120,1.766666667,-736.7432681,-104.8956667
16 km,17,0.07,120,3.133333333,321.1509248,45.72466667
16 km,17,0.07,120,4.5,1379.045118,196.345
16 km,17,0.07,130,0.4,-1764.576532,-251.236
16 km,17,0.07,130,1.766666667,-603.9741651,-85.99233333
16 km,17,0.07,130,3.133333333,556.6282019,79.25133333
16 km,17,0.07,130,4.5,1717.230569,244.495
16 km,17,0.07,140,0.4,-1734.515603,-246.956
16 km,17,0.07,140,1.766666667,-471.205062,-67.089
16 km,17,0.07,140,3.133333333,792.105479,112.778
16 km,17,0.07,140,4.5,2055.41602,292.645
16 km,17,0.08,20,0.4,-2020.43235,-301.104
16 km,17,0.08,20,1.766666667,-1990.720109,-296.676
16 km,17,0.08,20,3.133333333,-1961.007869,-292.248
16 km,17,0.08,20,4.5,-1931.295628,-287.82
16 km,17,0.08,30,0.4,-1991.444798,-296.784
16 km,17,0.08,30,1.766666667,-1862.691756,-277.596
16 km,17,0.08,30,3.133333333,-1733.938714,-258.408
16 km,17,0.08,30,4.5,-1605.185672,-239.22
16 km,17,0.08,40,0.4,-1962.457246,-292.464
16 km,17,0.08,40,1.766666667,-1734.663403,-258.516
16 km,17,0.08,40,3.133333333,-1506.86956,-224.568
16 km,17,0.08,40,4.5,-1279.075716,-190.62
16 km,17,0.08,50,0.4,-1933.469695,-288.144
16 km,17,0.08,50,1.766666667,-1606.63505,-239.436
16 km,17,0.08,50,3.133333333,-1279.800405,-190.728
16 km,17,0.08,50,4.5,-952.9657603,-142.02
16 km,17,0.08,60,0.4,-1904.482143,-283.824
16 km,17,0.08,60,1.766666667,-1478.606697,-220.356
16 km,17,0.08,60,3.133333333,-1052.731251,-156.888
16 km,17,0.08,60,4.5,-626.8558043,-93.42
16 km,17,0.08,70,0.4,-1875.494591,-279.504
16 km,17,0.08,70,1.766666667,-1350.578344,-201.276
16 km,17,0.08,70,3.133333333,-825.662096,-123.048
16 km,17,0.08,70,4.5,-300.7458483,-44.82
16 km,17,0.08,80,0.4,-1846.50704,-275.184
16 km,17,0.08,80,1.766666667,-1222.549991,-182.196
16 km,17,0.08,80,3.133333333,-598.5929414,-89.208
16 km,17,0.08,80,4.5,25.36410769,3.78
16 km,17,0.08,90,0.4,-1817.519488,-270.864
16 km,17,0.08,90,1.766666667,-1094.521637,-163.116
16 km,17,0.08,90,3.133333333,-371.5237869,-55.368
16 km,17,0.08,90,4.5,351.4740637,52.38
16 km,17,0.08,100,0.4,-1788.531936,-266.544
16 km,17,0.08,100,1.766666667,-966.4932844,-144.036
16 km,17,0.08,100,3.133333333,-144.4546324,-21.528
16 km,17,0.08,100,4.5,677.5840197,100.98
16 km,17,0.08,110,0.4,-1759.544385,-262.224
16 km,17,0.08,110,1.766666667,-838.4649313,-124.956
16 km,17,0.08,110,3.133333333,82.61452218,12.312
16 km,17,0.08,110,4.5,1003.693976,149.58
16 km,17,0.08,120,0.4,-1730.556833,-257.904
16 km,17,0.08,120,1.766666667,-710.4365782,-105.876
16 km,17,0.08,120,3.133333333,309.6836767,46.152
16 km,17,0.08,120,4.5,1329.803932,198.18
16 km,17,0.08,130,0.4,-1701.569281,-253.584
16 km,17,0.08,130,1.766666667,-582.4082251,-86.796
16 km,17,0.08,130,3.133333333,536.7528313,79.992
16 km,17,0.08,130,4.5,1655.913888,246.78
16 km,17,0.08,140,0.4,-1672.58173,-249.264
16 km,17,0.08,140,1.766666667,-454.379872,-67.716
16 km,17,0.08,140,3.133333333,763.8219858,113.832
16 km,17,0.08,140,4.5,1982.023844,295.38
16 km,17,0.09,20,0.4,-1950.274834,-303.892
16 km,17,0.09,20,1.766666667,-1921.594322,-299.423
16 km,17,0.09,20,3.133333333,-1892.91381,-294.954
16 km,17,0.09,20,4.5,-1864.233297,-290.485
16 km,17,0.09,30,0.4,-1922.293847,-299.532
16 km,17,0.09,30,1.766666667,-1798.011627,-280.1663333
16 km,17,0.09,30,3.133333333,-1673.729407,-260.8006667
16 km,17,0.09,30,4.5,-1549.447187,-241.435
16 km,17,0.09,40,0.4,-1894.312859,-295.172
16 km,17,0.09,40,1.766666667,-1674.428932,-260.9096667
16 km,17,0.09,40,3.133333333,-1454.545004,-226.6473333
16 km,17,0.09,40,4.5,-1234.661077,-192.385
16 km,17,0.09,50,0.4,-1866.331871,-290.812
16 km,17,0.09,50,1.766666667,-1550.846236,-241.653
16 km,17,0.09,50,3.133333333,-1235.360602,-192.494
16 km,17,0.09,50,4.5,-919.8749666,-143.335
16 km,17,0.09,60,0.4,-1838.350884,-286.452
16 km,17,0.09,60,1.766666667,-1427.263541,-222.3963333
16 km,17,0.09,60,3.133333333,-1016.176199,-158.3406667
16 km,17,0.09,60,4.5,-605.0888564,-94.285
16 km,17,0.09,70,0.4,-1810.369896,-282.092
16 km,17,0.09,70,1.766666667,-1303.680846,-203.1396667
16 km,17,0.09,70,3.133333333,-796.9917962,-124.1873333
16 km,17,0.09,70,4.5,-290.3027461,-45.235
16 km,17,0.09,80,0.4,-1782.388909,-277.732
16 km,17,0.09,80,1.766666667,-1180.098151,-183.883
16 km,17,0.09,80,3.133333333,-577.8073935,-90.034
16 km,17,0.09,80,4.5,24.48336413,3.815
16 km,17,0.09,90,0.4,-1754.407921,-273.372
16 km,17,0.09,90,1.766666667,-1056.515456,-164.6263333
16 km,17,0.09,90,3.133333333,-358.6229908,-55.88066667
16 km,17,0.09,90,4.5,339.2694744,52.865
16 km,17,0.09,100,0.4,-1726.426934,-269.012
16 km,17,0.09,100,1.766666667,-932.9327608,-145.3696667
16 km,17,0.09,100,3.133333333,-139.4385881,-21.72733333
16 km,17,0.09,100,4.5,654.0555846,101.915
16 km,17,0.09,110,0.4,-1698.445946,-264.652
16 km,17,0.09,110,1.766666667,-809.3500657,-126.113
16 km,17,0.09,110,3.133333333,79.74581459,12.426
16 km,17,0.09,110,4.5,968.8416949,150.965
16 km,17,0.09,120,0.4,-1670.464958,-260.292
16 km,17,0.09,120,1.766666667,-685.7673705,-106.8563333
16 km,17,0.09,120,3.133333333,298.9302173,46.57933333
16 km,17,0.09,120,4.5,1283.627805,200.015
16 km,17,0.09,130,0.4,-1642.483971,-255.932
16 km,17,0.09,130,1.766666667,-562.1846754,-87.59966667
16 km,17,0.09,130,3.133333333,518.11462,80.73266667
16 km,17,0.09,130,4.5,1598.413915,249.065
16 km,17,0.09,140,0.4,-1614.502983,-251.572
16 km,17,0.09,140,1.766666667,-438.6019803,-68.343
16 km,17,0.09,140,3.133333333,737.2990227,114.886
16 km,17,0.09,140,4.5,1913.200026,298.115
24 km,22,0.05,20,0.4,-2276.676327,-294.84
24 km,22,0.05,20,1.766666667,-2298.837706,-297.71
24 km,22,0.05,20,3.133333333,-2320.999085,-300.58
24 km,22,0.05,20,4.5,-2343.160464,-303.45
24 km,22,0.05,30,0.4,-2244.24504,-290.64
24 km,22,0.05,30,1.766666667,-2155.599523,-279.16
24 km,22,0.05,30,3.133333333,-2066.954006,-267.68
24 km,22,0.05,30,4.5,-1978.308489,-256.2
24 km,22,0.05,40,0.4,-2211.813753,-286.44
24 km,22,0.05,40,1.766666667,-2012.36134,-260.61
24 km,22,0.05,40,3.133333333,-1812.908927,-234.78
24 km,22,0.05,40,4.5,-1613.456513,-208.95
24 km,22,0.05,50,0.4,-2179.382466,-282.24
24 km,22,0.05,50,1.766666667,-1869.123157,-242.06
24 km,22,0.05,50,3.133333333,-1558.863848,-201.88
24 km,22,0.05,50,4.5,-1248.604538,-161.7
24 km,22,0.05,60,0.4,-2146.95118,-278.04
24 km,22,0.05,60,1.766666667,-1725.884974,-223.51
24 km,22,0.05,60,3.133333333,-1304.818768,-168.98
24 km,22,0.05,60,4.5,-883.7525626,-114.45
24 km,22,0.05,70,0.4,-2114.519893,-273.84
24 km,22,0.05,70,1.766666667,-1582.646791,-204.96
24 km,22,0.05,70,3.133333333,-1050.773689,-136.08
24 km,22,0.05,70,4.5,-518.9005872,-67.2
24 km,22,0.05,80,0.4,-2082.088606,-269.64
24 km,22,0.05,80,1.766666667,-1439.408608,-186.41
24 km,22,0.05,80,3.133333333,-796.72861,-103.18
24 km,22,0.05,80,4.5,-154.0486118,-19.95
24 km,22,0.05,90,0.4,-2049.65732,-265.44
24 km,22,0.05,90,1.766666667,-1296.170425,-167.86
24 km,22,0.05,90,3.133333333,-542.6835308,-70.28
24 km,22,0.05,90,4.5,210.8033636,27.3
24 km,22,0.05,100,0.4,-2017.226033,-261.24
24 km,22,0.05,100,1.766666667,-1152.932242,-149.31
24 km,22,0.05,100,3.133333333,-288.6384517,-37.38
24 km,22,0.05,100,4.5,575.655339,74.55
24 km,22,0.05,110,0.4,-1984.794746,-257.04
24 km,22,0.05,110,1.766666667,-1009.694059,-130.76
24 km,22,0.05,110,3.133333333,-34.59337248,-4.48
24 km,22,0.05,110,4.5,940.5073144,121.8
24 km,22,0.05,120,0.4,-1952.363459,-252.84
24 km,22,0.05,120,1.766666667,-866.4558764,-112.21
24 km,22,0.05,120,3.133333333,219.4517067,28.42
24 km,22,0.05,120,4.5,1305.35929,169.05
24 km,22,0.05,130,0.4,-1919.932173,-248.64
24 km,22,0.05,130,1.766666667,-723.2176935,-93.66
24 km,22,0.05,130,3.133333333,473.4967859,61.32
24 km,22,0.05,130,4.5,1670.211265,216.3
24 km,22,0.05,140,0.4,-1887.500886,-244.44
24 km,22,0.05,140,1.766666667,-579.9795105,-75.11
24 km,22,0.05,140,3.133333333,727.541865,94.22
24 km,22,0.05,140,4.5,2035.063241,263.55
24 km,22,0.06,20,0.4,-2190.715191,-297.648
24 km,22,0.06,20,1.766666667,-2212.039816,-300.5453333
24 km,22,0.06,20,3.133333333,-2233.364442,-303.4426667
24 km,22,0.06,20,4.5,-2254.689067,-306.34
24 km,22,0.06,30,0.4,-2159.508422,-293.408
24 km,22,0.06,30,1.766666667,-2074.209919,-281.8186667
24 km,22,0.06,30,3.133333333,-1988.911417,-270.2293333
24 km,22,0.06,30,4.5,-1903.612915,-258.64
24 km,22,0.06,40,0.4,-2128.301652,-289.168
24 km,22,0.06,40,1.766666667,-1936.380023,-263.092
24 km,22,0.06,40,3.133333333,-1744.458393,-237.016
24 km,22,0.06,40,4.5,-1552.536763,-210.94
24 km,22,0.06,50,0.4,-2097.094883,-284.928
24 km,22,0.06,50,1.766666667,-1798.550126,-244.3653333
24 km,22,0.06,50,3.133333333,-1500.005368,-203.8026667
24 km,22,0.06,50,4.5,-1201.46061,-163.24
24 km,22,0.06,60,0.4,-2065.888114,-280.688
24 km,22,0.06,60,1.766666667,-1660.720229,-225.6386667
24 km,22,0.06,60,3.133333333,-1255.552343,-170.5893333
24 km,22,0.06,60,4.5,-850.3844579,-115.54
24 km,22,0.06,70,0.4,-2034.681345,-276.448
24 km,22,0.06,70,1.766666667,-1522.890332,-206.912
24 km,22,0.06,70,3.133333333,-1011.099319,-137.376
24 km,22,0.06,70,4.5,-499.3083056,-67.84
24 km,22,0.06,80,0.4,-2003.474576,-272.208
24 km,22,0.06,80,1.766666667,-1385.060435,-188.1853333
24 km,22,0.06,80,3.133333333,-766.6462942,-104.1626667
24 km,22,0.06,80,4.5,-148.2321532,-20.14
24 km,22,0.06,90,0.4,-1972.267807,-267.968
24 km,22,0.06,90,1.766666667,-1247.230538,-169.4586667
24 km,22,0.06,90,3.133333333,-522.1932696,-70.94933333
24 km,22,0.06,90,4.5,202.8439991,27.56
24 km,22,0.06,100,0.4,-1941.061038,-263.728
24 km,22,0.06,100,1.766666667,-1109.400641,-150.732
24 km,22,0.06,100,3.133333333,-277.740245,-37.736
24 km,22,0.06,100,4.5,553.9201515,75.26
24 km,22,0.06,110,0.4,-1909.854269,-259.488
24 km,22,0.06,110,1.766666667,-971.5707446,-132.0053333
24 km,22,0.06,110,3.133333333,-33.28722037,-4.522666667
24 km,22,0.06,110,4.5,904.9963038,122.96
24 km,22,0.06,120,0.4,-1878.6475,-255.248
24 km,22,0.06,120,1.766666667,-833.7408477,-113.2786667
24 km,22,0.06,120,3.133333333,211.1658042,28.69066667
24 km,22,0.06,120,4.5,1256.072456,170.66
24 km,22,0.06,130,0.4,-1847.440731,-251.008
24 km,22,0.06,130,1.766666667,-695.9109509,-94.552
24 km,22,0.06,130,3.133333333,455.6188288,61.904
24 km,22,0.06,130,4.5,1607.148609,218.36
24 km,22,0.06,140,0.4,-1816.233962,-246.768
24 km,22,0.06,140,1.766666667,-558.081054,-75.82533333
24 km,22,0.06,140,3.133333333,700.0718534,95.11733333
24 km,22,0.06,140,4.5,1958.224761,266.06
24 km,22,0.07,20,0.4,-2110.277215,-300.456
24 km,22,0.07,20,1.766666667,-2130.81885,-303.3806667
24 km,22,0.07,20,3.133333333,-2151.360485,-306.3053333
24 km,22,0.07,20,4.5,-2171.90212,-309.23
24 km,22,0.07,30,0.4,-2080.216286,-296.176
24 km,22,0.07,30,1.766666667,-1998.049747,-284.4773333
24 km,22,0.07,30,3.133333333,-1915.883208,-272.7786667
24 km,22,0.07,30,4.5,-1833.716669,-261.08
24 km,22,0.07,40,0.4,-2050.155357,-291.896
24 km,22,0.07,40,1.766666667,-1865.280644,-265.574
24 km,22,0.07,40,3.133333333,-1680.405931,-239.252
24 km,22,0.07,40,4.5,-1495.531218,-212.93
24 km,22,0.07,50,0.4,-2020.094428,-287.616
24 km,22,0.07,50,1.766666667,-1732.511541,-246.6706667
24 km,22,0.07,50,3.133333333,-1444.928654,-205.7253333
24 km,22,0.07,50,4.5,-1157.345766,-164.78
24 km,22,0.07,60,0.4,-1990.033499,-283.336
24 km,22,0.07,60,1.766666667,-1599.742438,-227.7673333
24 km,22,0.07,60,3.133333333,-1209.451377,-172.1986667
24 km,22,0.07,60,4.5,-819.1603151,-116.63
24 km,22,0.07,70,0.4,-1959.97257,-279.056
24 km,22,0.07,70,1.766666667,-1466.973335,-208.864
24 km,22,0.07,70,3.133333333,-973.9740994,-138.672
24 km,22,0.07,70,4.5,-480.9748639,-68.48
24 km,22,0.07,80,0.4,-1929.911641,-274.776
24 km,22,0.07,80,1.766666667,-1334.204232,-189.9606667
24 km,22,0.07,80,3.133333333,-738.4968223,-105.1453333
24 km,22,0.07,80,4.5,-142.7894127,-20.33
24 km,22,0.07,90,0.4,-1899.850712,-270.496
24 km,22,0.07,90,1.766666667,-1201.435129,-171.0573333
24 km,22,0.07,90,3.133333333,-503.0195452,-71.61866667
24 km,22,0.07,90,4.5,195.3960385,27.82
24 km,22,0.07,100,0.4,-1869.789784,-266.216
24 km,22,0.07,100,1.766666667,-1068.666026,-152.154
24 km,22,0.07,100,3.133333333,-267.5422681,-38.092
24 km,22,0.07,100,4.5,533.5814897,75.97
24 km,22,0.07,110,0.4,-1839.728855,-261.936
24 km,22,0.07,110,1.766666667,-935.8969227,-133.2506667
24 km,22,0.07,110,3.133333333,-32.06499093,-4.565333333
24 km,22,0.07,110,4.5,871.7669409,124.12
24 km,22,0.07,120,0.4,-1809.667926,-257.656
24 km,22,0.07,120,1.766666667,-803.1278197,-114.3473333
24 km,22,0.07,120,3.133333333,203.4122862,28.96133333
24 km,22,0.07,120,4.5,1209.952392,172.27
24 km,22,0.07,130,0.4,-1779.606997,-253.376
24 km,22,0.07,130,1.766666667,-670.3587166,-95.444
24 km,22,0.07,130,3.133333333,438.8895633,62.488
24 km,22,0.07,130,4.5,1548.137843,220.42
24 km,22,0.07,140,0.4,-1749.546068,-249.096
24 km,22,0.07,140,1.766666667,-537.5896135,-76.54066667
24 km,22,0.07,140,3.133333333,674.3668405,96.01466667
24 km,22,0.07,140,4.5,1886.323294,268.57
24 km,22,0.08,20,0.4,-2034.926125,-303.264
24 km,22,0.08,20,1.766666667,-2054.734286,-306.216
24 km,22,0.08,20,3.133333333,-2074.542446,-309.168
24 km,22,0.08,20,4.5,-2094.350606,-312.12
24 km,22,0.08,30,0.4,-2005.938574,-298.944
24 km,22,0.08,30,1.766666667,-1926.705933,-287.136
24 km,22,0.08,30,3.133333333,-1847.473291,-275.328
24 km,22,0.08,30,4.5,-1768.24065,-263.52
24 km,22,0.08,40,0.4,-1976.951022,-294.624
24 km,22,0.08,40,1.766666667,-1798.677579,-268.056
24 km,22,0.08,40,3.133333333,-1620.404137,-241.488
24 km,22,0.08,40,4.5,-1442.130694,-214.92
24 km,22,0.08,50,0.4,-1947.96347,-290.304
24 km,22,0.08,50,1.766666667,-1670.649226,-248.976
24 km,22,0.08,50,3.133333333,-1393.334982,-207.648
24 km,22,0.08,50,4.5,-1116.020738,-166.32
24 km,22,0.08,60,0.4,-1918.975919,-285.984
24 km,22,0.08,60,1.766666667,-1542.620873,-229.896
24 km,22,0.08,60,3.133333333,-1166.265828,-173.808
24 km,22,0.08,60,4.5,-789.9107823,-117.72
24 km,22,0.08,70,0.4,-1889.988367,-281.664
24 km,22,0.08,70,1.766666667,-1414.59252,-210.816
24 km,22,0.08,70,3.133333333,-939.1966732,-139.968
24 km,22,0.08,70,4.5,-463.8008263,-69.12
24 km,22,0.08,80,0.4,-1861.000816,-277.344
24 km,22,0.08,80,1.766666667,-1286.564167,-191.736
24 km,22,0.08,80,3.133333333,-712.1275187,-106.128
24 km,22,0.08,80,4.5,-137.6908703,-20.52
24 km,22,0.08,90,0.4,-1832.013264,-273.024
24 km,22,0.08,90,1.766666667,-1158.535814,-172.656
24 km,22,0.08,90,3.133333333,-485.0583642,-72.288
24 km,22,0.08,90,4.5,188.4190857,28.08
24 km,22,0.08,100,0.4,-1803.025712,-268.704
24 km,22,0.08,100,1.766666667,-1030.507461,-153.576
24 km,22,0.08,100,3.133333333,-257.9892096,-38.448
24 km,22,0.08,100,4.5,514.5290417,76.68
24 km,22,0.08,110,0.4,-1774.038161,-264.384
24 km,22,0.08,110,1.766666667,-902.4791078,-134.496
24 km,22,0.08,110,3.133333333,-30.92005509,-4.608
24 km,22,0.08,110,4.5,840.6389977,125.28
24 km,22,0.08,120,0.4,-1745.050609,-260.064
24 km,22,0.08,120,1.766666667,-774.4507547,-115.416
24 km,22,0.08,120,3.133333333,196.1490995,29.232
24 km,22,0.08,120,4.5,1166.748954,173.88
24 km,22,0.08,130,0.4,-1716.063057,-255.744
24 km,22,0.08,130,1.766666667,-646.4224016,-96.336
24 km,22,0.08,130,3.133333333,423.218254,63.072
24 km,22,0.08,130,4.5,1492.85891,222.48
24 km,22,0.08,140,0.4,-1687.075506,-251.424
24 km,22,0.08,140,1.766666667,-518.3940486,-77.256
24 km,22,0.08,140,3.133333333,650.2874085,96.912
24 km,22,0.08,140,4.5,1818.968866,271.08
24 km,22,0.09,20,0.4,-1964.265328,-306.072
24 km,22,0.09,20,1.766666667,-1983.385669,-309.0513333
24 km,22,0.09,20,3.133333333,-2002.506011,-312.0306667
24 km,22,0.09,20,4.5,-2021.626352,-315.01
24 km,22,0.09,30,0.4,-1936.28434,-301.712
24 km,22,0.09,30,1.766666667,-1859.802974,-289.7946667
24 km,22,0.09,30,3.133333333,-1783.321608,-277.8773333
24 km,22,0.09,30,4.5,-1706.840242,-265.96
24 km,22,0.09,40,0.4,-1908.303353,-297.352
24 km,22,0.09,40,1.766666667,-1736.220279,-270.538
24 km,22,0.09,40,3.133333333,-1564.137206,-243.724
24 km,22,0.09,40,4.5,-1392.054132,-216.91
24 km,22,0.09,50,0.4,-1880.322365,-292.992
24 km,22,0.09,50,1.766666667,-1612.637584,-251.2813333
24 km,22,0.09,50,3.133333333,-1344.952803,-209.5706667
24 km,22,0.09,50,4.5,-1077.268022,-167.86
24 km,22,0.09,60,0.4,-1852.341378,-288.632
24 km,22,0.09,60,1.766666667,-1489.054889,-232.0246667
24 km,22,0.09,60,3.133333333,-1125.7684,-175.4173333
24 km,22,0.09,60,4.5,-762.4819115,-118.81
24 km,22,0.09,70,0.4,-1824.36039,-284.272
24 km,22,0.09,70,1.766666667,-1365.472194,-212.768
24 km,22,0.09,70,3.133333333,-906.5839975,-141.264
24 km,22,0.09,70,4.5,-447.6958012,-69.76
24 km,22,0.09,80,0.4,-1796.379402,-279.912
24 km,22,0.09,80,1.766666667,-1241.889499,-193.5113333
24 km,22,0.09,80,3.133333333,-687.3995948,-107.1106667
24 km,22,0.09,80,4.5,-132.909691,-20.71
24 km,22,0.09,90,0.4,-1768.398415,-275.552
24 km,22,0.09,90,1.766666667,-1118.306803,-174.2546667
24 km,22,0.09,90,3.133333333,-468.2151921,-72.95733333
24 km,22,0.09,90,4.5,181.8764193,28.34
24 km,22,0.09,100,0.4,-1740.417427,-271.192
24 km,22,0.09,100,1.766666667,-994.7241084,-154.998
24 km,22,0.09,100,3.133333333,-249.0307894,-38.804
24 km,22,0.09,100,4.5,496.6625295,77.39
24 km,22,0.09,110,0.4,-1712.43644,-266.832
24 km,22,0.09,110,1.766666667,-871.1414132,-135.7413333
24 km,22,0.09,110,3.133333333,-29.84638675,-4.650666667
24 km,22,0.09,110,4.5,811.4486397,126.44
24 km,22,0.09,120,0.4,-1684.455452,-262.472
24 km,22,0.09,120,1.766666667,-747.5587181,-116.4846667
24 km,22,0.09,120,3.133333333,189.3380159,29.50266667
24 km,22,0.09,120,4.5,1126.23475,175.49
24 km,22,0.09,130,0.4,-1656.474465,-258.112
24 km,22,0.09,130,1.766666667,-623.976023,-97.228
24 km,22,0.09,130,3.133333333,408.5224186,63.656
24 km,22,0.09,130,4.5,1441.02086,224.54
24 km,22,0.09,140,0.4,-1628.493477,-253.752
24 km,22,0.09,140,1.766666667,-500.3933278,-77.97133333
24 km,22,0.09,140,3.133333333,627.7068213,97.80933333
24 km,22,0.09,140,4.5,1755.80697,273.59
32 km,29,0.05,20,0.4,-2299.378227,-297.78
32 km,29,0.05,20,1.766666667,-2399.104434,-310.695
32 km,29,0.05,20,3.133333333,-2498.83064,-323.61
32 km,29,0.05,20,4.5,-2598.556847,-336.525
32 km,29,0.05,30,0.4,-2266.946941,-293.58
32 km,29,0.05,30,1.766666667,-2255.866251,-292.145
32 km,29,0.05,30,3.133333333,-2244.785561,-290.71
32 km,29,0.05,30,4.5,-2233.704872,-289.275
32 km,29,0.05,40,0.4,-2234.515654,-289.38
32 km,29,0.05,40,1.766666667,-2112.628068,-273.595
32 km,29,0.05,40,3.133333333,-1990.740482,-257.81
32 km,29,0.05,40,4.5,-1868.852896,-242.025
32 km,29,0.05,50,0.4,-2202.084367,-285.18
32 km,29,0.05,50,1.766666667,-1969.389885,-255.045
32 km,29,0.05,50,3.133333333,-1736.695403,-224.91
32 km,29,0.05,50,4.5,-1504.000921,-194.775
32 km,29,0.05,60,0.4,-2169.65308,-280.98
32 km,29,0.05,60,1.766666667,-1826.151702,-236.495
32 km,29,0.05,60,3.133333333,-1482.650324,-192.01
32 km,29,0.05,60,4.5,-1139.148945,-147.525
32 km,29,0.05,70,0.4,-2137.221794,-276.78
32 km,29,0.05,70,1.766666667,-1682.913519,-217.945
32 km,29,0.05,70,3.133333333,-1228.605245,-159.11
32 km,29,0.05,70,4.5,-774.29697,-100.275
32 km,29,0.05,80,0.4,-2104.790507,-272.58
32 km,29,0.05,80,1.766666667,-1539.675336,-199.395
32 km,29,0.05,80,3.133333333,-974.5601654,-126.21
32 km,29,0.05,80,4.5,-409.4449946,-53.025
32 km,29,0.05,90,0.4,-2072.35922,-268.38
32 km,29,0.05,90,1.766666667,-1396.437153,-180.845
32 km,29,0.05,90,3.133333333,-720.5150862,-93.31
32 km,29,0.05,90,4.5,-44.59301922,-5.775
32 km,29,0.05,100,0.4,-2039.927934,-264.18
32 km,29,0.05,100,1.766666667,-1253.19897,-162.295
32 km,29,0.05,100,3.133333333,-466.4700071,-60.41
32 km,29,0.05,100,4.5,320.2589562,41.475
32 km,29,0.05,110,0.4,-2007.496647,-259.98
32 km,29,0.05,110,1.766666667,-1109.960787,-143.745
32 km,29,0.05,110,3.133333333,-212.4249279,-27.51
32 km,29,0.05,110,4.5,685.1109316,88.725
32 km,29,0.05,120,0.4,-1975.06536,-255.78
32 km,29,0.05,120,1.766666667,-966.7226045,-125.195
32 km,29,0.05,120,3.133333333,41.62015127,5.39
32 km,29,0.05,120,4.5,1049.962907,135.975
32 km,29,0.05,130,0.4,-1942.634073,-251.58
32 km,29,0.05,130,1.766666667,-823.4844215,-106.645
32 km,29,0.05,130,3.133333333,295.6652304,38.29
32 km,29,0.05,130,4.5,1414.814882,183.225
32 km,29,0.05,140,0.4,-1910.202787,-247.38
32 km,29,0.05,140,1.766666667,-680.2462386,-88.095
32 km,29,0.05,140,3.133333333,549.7103096,71.19
32 km,29,0.05,140,4.5,1779.666858,230.475
32 km,29,0.06,20,0.4,-2212.559929,-300.616
32 km,29,0.06,20,1.766666667,-2308.520744,-313.654
32 km,29,0.06,20,3.133333333,-2404.481559,-326.692
32 km,29,0.06,20,4.5,-2500.442374,-339.73
32 km,29,0.06,30,0.4,-2181.35316,-296.376
32 km,29,0.06,30,1.766666667,-2170.690847,-294.9273333
32 km,29,0.06,30,3.133333333,-2160.028534,-293.4786667
32 km,29,0.06,30,4.5,-2149.366222,-292.03
32 km,29,0.06,40,0.4,-2150.146391,-292.136
32 km,29,0.06,40,1.766666667,-2032.86095,-276.2006667
32 km,29,0.06,40,3.133333333,-1915.57551,-260.2653333
32 km,29,0.06,40,4.5,-1798.290069,-244.33
32 km,29,0.06,50,0.4,-2118.939622,-287.896
32 km,29,0.06,50,1.766666667,-1895.031053,-257.474
32 km,29,0.06,50,3.133333333,-1671.122485,-227.052
32 km,29,0.06,50,4.5,-1447.213917,-196.63
32 km,29,0.06,60,0.4,-2087.732853,-283.656
32 km,29,0.06,60,1.766666667,-1757.201157,-238.7473333
32 km,29,0.06,60,3.133333333,-1426.669461,-193.8386667
32 km,29,0.06,60,4.5,-1096.137765,-148.93
32 km,29,0.06,70,0.4,-2056.526084,-279.416
32 km,29,0.06,70,1.766666667,-1619.37126,-220.0206667
32 km,29,0.06,70,3.133333333,-1182.216436,-160.6253333
32 km,29,0.06,70,4.5,-745.0616122,-101.23
32 km,29,0.06,80,0.4,-2025.319314,-275.176
32 km,29,0.06,80,1.766666667,-1481.541363,-201.294
32 km,29,0.06,80,3.133333333,-937.7634114,-127.412
32 km,29,0.06,80,4.5,-393.9854599,-53.53
32 km,29,0.06,90,0.4,-1994.112545,-270.936
32 km,29,0.06,90,1.766666667,-1343.711466,-182.5673333
32 km,29,0.06,90,3.133333333,-693.3103868,-94.19866667
32 km,29,0.06,90,4.5,-42.90930751,-5.83
32 km,29,0.06,100,0.4,-1962.905776,-266.696
32 km,29,0.06,100,1.766666667,-1205.881569,-163.8406667
32 km,29,0.06,100,3.133333333,-448.8573622,-60.98533333
32 km,29,0.06,100,4.5,308.1668448,41.87
32 km,29,0.06,110,0.4,-1931.699007,-262.456
32 km,29,0.06,110,1.766666667,-1068.051672,-145.114
32 km,29,0.06,110,3.133333333,-204.4043376,-27.772
32 km,29,0.06,110,4.5,659.2429972,89.57
32 km,29,0.06,120,0.4,-1900.492238,-258.216
32 km,29,0.06,120,1.766666667,-930.2217755,-126.3873333
32 km,29,0.06,120,3.133333333,40.04868701,5.441333333
32 km,29,0.06,120,4.5,1010.31915,137.27
32 km,29,0.06,130,0.4,-1869.285469,-253.976
32 km,29,0.06,130,1.766666667,-792.3918787,-107.6606667
32 km,29,0.06,130,3.133333333,284.5017116,38.65466667
32 km,29,0.06,130,4.5,1361.395302,184.97
32 km,29,0.06,140,0.4,-1838.0787,-249.736
32 km,29,0.06,140,1.766666667,-654.5619818,-88.934
32 km,29,0.06,140,3.133333333,528.9547362,71.868
32 km,29,0.06,140,4.5,1712.471454,232.67
32 km,29,0.07,20,0.4,-2131.319866,-303.452
32 km,29,0.07,20,1.766666667,-2223.757222,-316.613
32 km,29,0.07,20,3.133333333,-2316.194579,-329.774
32 km,29,0.07,20,4.5,-2408.631936,-342.935
32 km,29,0.07,30,0.4,-2101.258937,-299.172
32 km,29,0.07,30,1.766666667,-2090.988119,-297.7096667
32 km,29,0.07,30,3.133333333,-2080.717302,-296.2473333
32 km,29,0.07,30,4.5,-2070.446485,-294.785
32 km,29,0.07,40,0.4,-2071.198008,-294.892
32 km,29,0.07,40,1.766666667,-1958.219016,-278.8063333
32 km,29,0.07,40,3.133333333,-1845.240025,-262.7206667
32 km,29,0.07,40,4.5,-1732.261033,-246.635
32 km,29,0.07,50,0.4,-2041.137079,-290.612
32 km,29,0.07,50,1.766666667,-1825.449913,-259.903
32 km,29,0.07,50,3.133333333,-1609.762748,-229.194
32 km,29,0.07,50,4.5,-1394.075582,-198.485
32 km,29,0.07,60,0.4,-2011.07615,-286.332
32 km,29,0.07,60,1.766666667,-1692.68081,-240.9996667
32 km,29,0.07,60,3.133333333,-1374.285471,-195.6673333
32 km,29,0.07,60,4.5,-1055.890131,-150.335
32 km,29,0.07,70,0.4,-1981.015221,-282.052
32 km,29,0.07,70,1.766666667,-1559.911707,-222.0963333
32 km,29,0.07,70,3.133333333,-1138.808193,-162.1406667
32 km,29,0.07,70,4.5,-717.7046798,-102.185
32 km,29,0.07,80,0.4,-1950.954292,-277.772
32 km,29,0.07,80,1.766666667,-1427.142604,-203.193
32 km,29,0.07,80,3.133333333,-903.3309163,-128.614
32 km,29,0.07,80,4.5,-379.5192286,-54.035
32 km,29,0.07,90,0.4,-1920.893363,-273.492
32 km,29,0.07,90,1.766666667,-1294.373501,-184.2896667
32 km,29,0.07,90,3.133333333,-667.8536392,-95.08733333
32 km,29,0.07,90,4.5,-41.33377737,-5.885
32 km,29,0.07,100,0.4,-1890.832434,-269.212
32 km,29,0.07,100,1.766666667,-1161.604398,-165.3863333
32 km,29,0.07,100,3.133333333,-432.376362,-61.56066667
32 km,29,0.07,100,4.5,296.8516738,42.265
32 km,29,0.07,110,0.4,-1860.771505,-264.932
32 km,29,0.07,110,1.766666667,-1028.835295,-146.483
32 km,29,0.07,110,3.133333333,-196.8990849,-28.034
32 km,29,0.07,110,4.5,635.037125,90.415
32 km,29,0.07,120,0.4,-1830.710576,-260.652
32 km,29,0.07,120,1.766666667,-896.0661918,-127.5796667
32 km,29,0.07,120,3.133333333,38.57819221,5.492666667
32 km,29,0.07,120,4.5,973.2225762,138.565
32 km,29,0.07,130,0.4,-1800.649647,-256.372
32 km,29,0.07,130,1.766666667,-763.2970887,-108.6763333
32 km,29,0.07,130,3.133333333,274.0554693,39.01933333
32 km,29,0.07,130,4.5,1311.408027,186.715
32 km,29,0.07,140,0.4,-1770.588718,-252.092
32 km,29,0.07,140,1.766666667,-630.5279857,-89.773
32 km,29,0.07,140,3.133333333,509.5327465,72.546
32 km,29,0.07,140,4.5,1649.593479,234.865
32 km,29,0.08,20,0.4,-2055.217412,-306.288
32 km,29,0.08,20,1.766666667,-2144.354133,-319.572
32 km,29,0.08,20,3.133333333,-2233.490854,-332.856
32 km,29,0.08,20,4.5,-2322.627575,-346.14
32 km,29,0.08,30,0.4,-2026.22986,-301.968
32 km,29,0.08,30,1.766666667,-2016.32578,-300.492
32 km,29,0.08,30,3.133333333,-2006.4217,-299.016
32 km,29,0.08,30,4.5,-1996.517619,-297.54
32 km,29,0.08,40,0.4,-1997.242308,-297.648
32 km,29,0.08,40,1.766666667,-1888.297427,-281.412
32 km,29,0.08,40,3.133333333,-1779.352545,-265.176
32 km,29,0.08,40,4.5,-1670.407663,-248.94
32 km,29,0.08,50,0.4,-1968.254757,-293.328
32 km,29,0.08,50,1.766666667,-1760.269074,-262.332
32 km,29,0.08,50,3.133333333,-1552.283391,-231.336
32 km,29,0.08,50,4.5,-1344.297707,-200.34
32 km,29,0.08,60,0.4,-1939.267205,-289.008
32 km,29,0.08,60,1.766666667,-1632.24072,-243.252
32 km,29,0.08,60,3.133333333,-1325.214236,-197.496
32 km,29,0.08,60,4.5,-1018.187751,-151.74
32 km,29,0.08,70,0.4,-1910.279653,-284.688
32 km,29,0.08,70,1.766666667,-1504.212367,-224.172
32 km,29,0.08,70,3.133333333,-1098.145081,-163.656
32 km,29,0.08,70,4.5,-692.0777955,-103.14
32 km,29,0.08,80,0.4,-1881.292102,-280.368
32 km,29,0.08,80,1.766666667,-1376.184014,-205.092
32 km,29,0.08,80,3.133333333,-871.0759269,-129.816
32 km,29,0.08,80,4.5,-365.9678395,-54.54
32 km,29,0.08,90,0.4,-1852.30455,-276.048
32 km,29,0.08,90,1.766666667,-1248.155661,-186.012
32 km,29,0.08,90,3.133333333,-644.0067723,-95.976
32 km,29,0.08,90,4.5,-39.85788351,-5.94
32 km,29,0.08,100,0.4,-1823.316998,-271.728
32 km,29,0.08,100,1.766666667,-1120.127308,-166.932
32 km,29,0.08,100,3.133333333,-416.9376178,-62.136
32 km,29,0.08,100,4.5,286.2520725,42.66
32 km,29,0.08,110,0.4,-1794.329447,-267.408
32 km,29,0.08,110,1.766666667,-992.098955,-147.852
32 km,29,0.08,110,3.133333333,-189.8684633,-28.296
32 km,29,0.08,110,4.5,612.3620285,91.26
32 km,29,0.08,120,0.4,-1765.341895,-263.088
32 km,29,0.08,120,1.766666667,-864.0706019,-128.772
32 km,29,0.08,120,3.133333333,37.20069128,5.544
32 km,29,0.08,120,4.5,938.4719845,139.86
32 km,29,0.08,130,0.4,-1736.354343,-258.768
32 km,29,0.08,130,1.766666667,-736.0422488,-109.692
32 km,29,0.08,130,3.133333333,264.2698458,39.384
32 km,29,0.08,130,4.5,1264.58194,188.46
32 km,29,0.08,140,0.4,-1707.366792,-254.448
32 km,29,0.08,140,1.766666667,-608.0138957,-90.612
32 km,29,0.08,140,3.133333333,491.3390004,73.224
32 km,29,0.08,140,4.5,1590.691896,237.06
32 km,29,0.09,20,0.4,-1983.852019,-309.124
32 km,29,0.09,20,1.766666667,-2069.893556,-322.531
32 km,29,0.09,20,3.133333333,-2155.935093,-335.938
32 km,29,0.09,20,4.5,-2241.97663,-349.345
32 km,29,0.09,30,0.4,-1955.871032,-304.764
32 km,29,0.09,30,1.766666667,-1946.310861,-303.2743333
32 km,29,0.09,30,3.133333333,-1936.75069,-301.7846667
32 km,29,0.09,30,4.5,-1927.190519,-300.295
32 km,29,0.09,40,0.4,-1927.890044,-300.404
32 km,29,0.09,40,1.766666667,-1822.728166,-284.0176667
32 km,29,0.09,40,3.133333333,-1717.566287,-267.6313333
32 km,29,0.09,40,4.5,-1612.404409,-251.245
32 km,29,0.09,50,0.4,-1899.909056,-296.044
32 km,29,0.09,50,1.766666667,-1699.145471,-264.761
32 km,29,0.09,50,3.133333333,-1498.381885,-233.478
32 km,29,0.09,50,4.5,-1297.618299,-202.195
32 km,29,0.09,60,0.4,-1871.928069,-291.684
32 km,29,0.09,60,1.766666667,-1575.562775,-245.5043333
32 km,29,0.09,60,3.133333333,-1279.197482,-199.3246667
32 km,29,0.09,60,4.5,-982.8321886,-153.145
32 km,29,0.09,70,0.4,-1843.947081,-287.324
32 km,29,0.09,70,1.766666667,-1451.98008,-226.2476667
32 km,29,0.09,70,3.133333333,-1060.013079,-165.1713333
32 km,29,0.09,70,4.5,-668.0460784,-104.095
32 km,29,0.09,80,0.4,-1815.966094,-282.964
32 km,29,0.09,80,1.766666667,-1328.397385,-206.991
32 km,29,0.09,80,3.133333333,-840.8286767,-131.018
32 km,29,0.09,80,4.5,-353.2599682,-55.045
32 km,29,0.09,90,0.4,-1787.985106,-278.604
32 km,29,0.09,90,1.766666667,-1204.81469,-187.7343333
32 km,29,0.09,90,3.133333333,-621.644274,-96.86466667
32 km,29,0.09,90,4.5,-38.47385792,-5.995
32 km,29,0.09,100,0.4,-1760.004119,-274.244
32 km,29,0.09,100,1.766666667,-1081.231995,-168.4776667
32 km,29,0.09,100,3.133333333,-402.4598713,-62.71133333
32 km,29,0.09,100,4.5,276.3122523,43.055
32 km,29,0.09,110,0.4,-1732.023131,-269.884
32 km,29,0.09,110,1.766666667,-957.6492998,-149.221
32 km,29,0.09,110,3.133333333,-183.2754686,-28.558
32 km,29,0.09,110,4.5,591.0983626,92.105
32 km,29,0.09,120,0.4,-1704.042143,-265.524
32 km,29,0.09,120,1.766666667,-834.0666047,-129.9643333
32 km,29,0.09,120,3.133333333,35.90893406,5.595333333
32 km,29,0.09,120,4.5,905.8844728,141.155
32 km,29,0.09,130,0.4,-1676.061156,-261.164
32 km,29,0.09,130,1.766666667,-710.4839096,-110.7076667
32 km,29,0.09,130,3.133333333,255.0933367,39.74866667
32 km,29,0.09,130,4.5,1220.670583,190.205
32 km,29,0.09,140,0.4,-1648.080168,-256.804
32 km,29,0.09,140,1.766666667,-586.9012144,-91.451
32 km,29,0.09,140,3.133333333,474.2777394,73.902
32 km,29,0.09,140,4.5,1535.456693,239.255
